latitude,longitude,brightness,scan,track,acq_date,acq_time,satellite,instrument,confidence,version,bright_t31,frp,daynight,type,REGION,DIVISION,STATEFP,STATENS,GEOID,STUSPS,NAME,LSAD,MTFCC,FUNCSTAT,ALAND,AWATER,INTPTLAT,INTPTLON
38.4464,-120.3885,302.9,1.1,1.1,01-11-2000,"608",Terra,MODIS,"52",6.2,273.5,11.3,N,"0","4","9","06","01779778","06",CA,California,"00",G4000,A,"403501101370","20466718403","+37.1551773","-119.5434183"
40.8423,-121.2769,302.6,1.7,1.3,02-11-2000,"1851",Terra,MODIS,"53",6.2,277.8,12.5,D,"0","4","9","06","01779778","06",CA,California,"00",G4000,A,"403501101370","20466718403","+37.1551773","-119.5434183"
39.3986,-121.2372,304.9,1.6,1.2,02-11-2000,"1851",Terra,MODIS,"60",6.2,290.1,11.3,D,"0","4","9","06","01779778","06",CA,California,"00",G4000,A,"403501101370","20466718403","+37.1551773","-119.5434183"
38.8696,-120.4782,310.7,1.4,1.2,02-11-2000,"1851",Terra,MODIS,"55",6.2,283.4,18.2,D,"0","4","9","06","01779778","06",CA,California,"00",G4000,A,"403501101370","20466718403","+37.1551773","-119.5434183"
38.8607,-120.4966,312,1.4,1.2,02-11-2000,"1851",Terra,MODIS,"54",6.2,284.4,19.3,D,"0","4","9","06","01779778","06",CA,California,"00",G4000,A,"403501101370","20466718403","+37.1551773","-119.5434183"
38.8591,-120.4803,346.6,1.4,1.2,02-11-2000,"1851",Terra,MODIS,"95",6.2,285.9,95.5,D,"0","4","9","06","01779778","06",CA,California,"00",G4000,A,"403501101370","20466718403","+37.1551773","-119.5434183"
38.8575,-120.4642,311,1.4,1.2,02-11-2000,"1851",Terra,MODIS,"42",6.2,285.2,17.4,D,"0","4","9","06","01779778","06",CA,California,"00",G4000,A,"403501101370","20466718403","+37.1551773","-119.5434183"
39.0429,-122.6251,336.5,1.9,1.3,02-11-2000,"1851",Terra,MODIS,"90",6.2,287.5,93.6,D,"0","4","9","06","01779778","06",CA,California,"00",G4000,A,"403501101370","20466718403","+37.1551773","-119.5434183"
39.0411,-122.6037,318,1.9,1.3,02-11-2000,"1851",Terra,MODIS,"77",6.2,286.9,36.5,D,"0","4","9","06","01779778","06",CA,California,"00",G4000,A,"403501101370","20466718403","+37.1551773","-119.5434183"
39.039,-122.6326,321.5,1.9,1.3,02-11-2000,"1851",Terra,MODIS,"81",6.2,287,47.9,D,"0","4","9","06","01779778","06",CA,California,"00",G4000,A,"403501101370","20466718403","+37.1551773","-119.5434183"
39.0371,-122.6106,331.6,1.9,1.3,02-11-2000,"1851",Terra,MODIS,"87",6.2,287.9,77.9,D,"0","4","9","06","01779778","06",CA,California,"00",G4000,A,"403501101370","20466718403","+37.1551773","-119.5434183"
38.4263,-120.2898,304.5,1.4,1.2,02-11-2000,"1851",Terra,MODIS,"59",6.2,283.6,13,D,"0","4","9","06","01779778","06",CA,California,"00",G4000,A,"403501101370","20466718403","+37.1551773","-119.5434183"
38.5753,-122.511,300.3,1.9,1.3,02-11-2000,"1851",Terra,MODIS,"35",6.2,287.4,8.4,D,"0","4","9","06","01779778","06",CA,California,"00",G4000,A,"403501101370","20466718403","+37.1551773","-119.5434183"
38.2971,-120.691,302.7,1.4,1.2,02-11-2000,"1852",Terra,MODIS,"53",6.2,288.4,8.9,D,"0","4","9","06","01779778","06",CA,California,"00",G4000,A,"403501101370","20466718403","+37.1551773","-119.5434183"
37.7305,-121.0243,303.1,1.5,1.2,02-11-2000,"1852",Terra,MODIS,"55",6.2,289.3,8,D,"0","4","9","06","01779778","06",CA,California,"00",G4000,A,"403501101370","20466718403","+37.1551773","-119.5434183"
37.5028,-120.6337,303.9,1.4,1.2,02-11-2000,"1852",Terra,MODIS,"57",6.2,288.9,7.9,D,"0","4","9","06","01779778","06",CA,California,"00",G4000,A,"403501101370","20466718403","+37.1551773","-119.5434183"
36.1008,-119.1438,304.2,1.1,1.1,02-11-2000,"1852",Terra,MODIS,"47",6.2,290.5,4.4,D,"0","4","9","06","01779778","06",CA,California,"00",G4000,A,"403501101370","20466718403","+37.1551773","-119.5434183"
35.9599,-119.0599,304.6,1.1,1.1,02-11-2000,"1852",Terra,MODIS,"46",6.2,291.5,4.2,D,"0","4","9","06","01779778","06",CA,California,"00",G4000,A,"403501101370","20466718403","+37.1551773","-119.5434183"
34.0953,-117.5311,309.8,1,1,02-11-2000,"1853",Terra,MODIS,"61",6.2,297.3,3.3,D,"2","4","9","06","01779778","06",CA,California,"00",G4000,A,"403501101370","20466718403","+37.1551773","-119.5434183"
33.6538,-116.1065,319.6,1,1,02-11-2000,"1853",Terra,MODIS,"75",6.2,302.2,9.4,D,"0","4","9","06","01779778","06",CA,California,"00",G4000,A,"403501101370","20466718403","+37.1551773","-119.5434183"
38.4264,-120.2466,301.8,1.5,1.2,03-11-2000,"556",Terra,MODIS,"45",6.2,277.3,16.1,N,"0","4","9","06","01779778","06",CA,California,"00",G4000,A,"403501101370","20466718403","+37.1551773","-119.5434183"
38.4269,-120.303,313.7,1.6,1.2,03-11-2000,"556",Terra,MODIS,"88",6.2,279.5,30.6,N,"0","4","9","06","01779778","06",CA,California,"00",G4000,A,"403501101370","20466718403","+37.1551773","-119.5434183"
38.8617,-120.4731,313.1,1.6,1.2,03-11-2000,"556",Terra,MODIS,"41",6.2,278.6,27.2,N,"0","4","9","06","01779778","06",CA,California,"00",G4000,A,"403501101370","20466718403","+37.1551773","-119.5434183"
38.8583,-120.4905,318.5,1.6,1.2,03-11-2000,"556",Terra,MODIS,"97",6.2,279.9,37,N,"0","4","9","06","01779778","06",CA,California,"00",G4000,A,"403501101370","20466718403","+37.1551773","-119.5434183"
38.8548,-120.5089,306.7,1.6,1.2,03-11-2000,"556",Terra,MODIS,"38",6.2,279.9,19.3,N,"0","4","9","06","01779778","06",CA,California,"00",G4000,A,"403501101370","20466718403","+37.1551773","-119.5434183"
41.9231,-122.8619,317.4,1.1,1,03-11-2000,"1934",Terra,MODIS,"78",6.2,285.2,20.5,D,"0","4","9","06","01779778","06",CA,California,"00",G4000,A,"403501101370","20466718403","+37.1551773","-119.5434183"
41.715,-122.7332,339.7,1.1,1.1,03-11-2000,"1934",Terra,MODIS,"92",6.2,283.5,53,D,"0","4","9","06","01779778","06",CA,California,"00",G4000,A,"403501101370","20466718403","+37.1551773","-119.5434183"
41.7127,-122.7195,307.8,1.1,1.1,03-11-2000,"1934",Terra,MODIS,"66",6.2,283.3,11.9,D,"0","4","9","06","01779778","06",CA,California,"00",G4000,A,"403501101370","20466718403","+37.1551773","-119.5434183"
41.9359,-124.1341,340.5,1,1,03-11-2000,"1934",Terra,MODIS,"92",6.2,291.8,44.6,D,"0","4","9","06","01779778","06",CA,California,"00",G4000,A,"403501101370","20466718403","+37.1551773","-119.5434183"
41.934,-124.1219,324.2,1,1,03-11-2000,"1934",Terra,MODIS,"83",6.2,291.6,21.8,D,"0","4","9","06","01779778","06",CA,California,"00",G4000,A,"403501101370","20466718403","+37.1551773","-119.5434183"
41.925,-124.1243,319.9,1,1,03-11-2000,"1934",Terra,MODIS,"80",6.2,289.7,17.2,D,"0","4","9","06","01779778","06",CA,California,"00",G4000,A,"403501101370","20466718403","+37.1551773","-119.5434183"
41.3694,-121.1988,311.9,1.3,1.1,03-11-2000,"1934",Terra,MODIS,"72",6.2,285.3,18.4,D,"0","4","9","06","01779778","06",CA,California,"00",G4000,A,"403501101370","20466718403","+37.1551773","-119.5434183"
40.9789,-123.7778,301.2,1.1,1,03-11-2000,"1934",Terra,MODIS,"43",6.2,288.9,5.7,D,"0","4","9","06","01779778","06",CA,California,"00",G4000,A,"403501101370","20466718403","+37.1551773","-119.5434183"
40.977,-123.7662,305.5,1.1,1,03-11-2000,"1934",Terra,MODIS,"62",6.2,286.4,8.8,D,"0","4","9","06","01779778","06",CA,California,"00",G4000,A,"403501101370","20466718403","+37.1551773","-119.5434183"
40.9414,-123.8387,333.7,1.1,1,03-11-2000,"1934",Terra,MODIS,"89",6.2,290.5,36.8,D,"0","4","9","06","01779778","06",CA,California,"00",G4000,A,"403501101370","20466718403","+37.1551773","-119.5434183"
40.9324,-123.8415,310.2,1.1,1,03-11-2000,"1934",Terra,MODIS,"70",6.2,288.6,10.9,D,"0","4","9","06","01779778","06",CA,California,"00",G4000,A,"403501101370","20466718403","+37.1551773","-119.5434183"
40.8163,-123.8613,306.5,1.1,1,03-11-2000,"1934",Terra,MODIS,"64",6.2,291.3,8,D,"0","4","9","06","01779778","06",CA,California,"00",G4000,A,"403501101370","20466718403","+37.1551773","-119.5434183"
40.8143,-123.8492,324.5,1.1,1,03-11-2000,"1934",Terra,MODIS,"83",6.2,291.5,24.5,D,"0","4","9","06","01779778","06",CA,California,"00",G4000,A,"403501101370","20466718403","+37.1551773","-119.5434183"
39.9091,-121.7263,305.4,1.3,1.1,03-11-2000,"1934",Terra,MODIS,"61",6.2,290.3,8.9,D,"0","4","9","06","01779778","06",CA,California,"00",G4000,A,"403501101370","20466718403","+37.1551773","-119.5434183"
39.7734,-122.0588,306.9,1.3,1.1,03-11-2000,"1934",Terra,MODIS,"64",6.2,294.1,7.4,D,"0","4","9","06","01779778","06",CA,California,"00",G4000,A,"403501101370","20466718403","+37.1551773","-119.5434183"
39.3587,-121.6112,311.4,1.3,1.1,03-11-2000,"1934",Terra,MODIS,"71",6.2,294.6,13.5,D,"0","4","9","06","01779778","06",CA,California,"00",G4000,A,"403501101370","20466718403","+37.1551773","-119.5434183"
39.412,-122.2379,302.1,1.3,1.1,03-11-2000,"1934",Terra,MODIS,"37",6.2,291.3,3.8,D,"0","4","9","06","01779778","06",CA,California,"00",G4000,A,"403501101370","20466718403","+37.1551773","-119.5434183"
39.4022,-122.2408,328,1.3,1.1,03-11-2000,"1934",Terra,MODIS,"85",6.2,294.3,34.1,D,"0","4","9","06","01779778","06",CA,California,"00",G4000,A,"403501101370","20466718403","+37.1551773","-119.5434183"
39.3996,-122.2266,329.6,1.3,1.1,03-11-2000,"1934",Terra,MODIS,"86",6.2,294.6,37.1,D,"0","4","9","06","01779778","06",CA,California,"00",G4000,A,"403501101370","20466718403","+37.1551773","-119.5434183"
39.277,-123.2265,309.3,1.1,1.1,03-11-2000,"1934",Terra,MODIS,"68",6.2,294,8.6,D,"0","4","9","06","01779778","06",CA,California,"00",G4000,A,"403501101370","20466718403","+37.1551773","-119.5434183"
38.9839,-121.6057,313.3,1.4,1.2,03-11-2000,"1934",Terra,MODIS,"64",6.2,292.9,16.2,D,"0","4","9","06","01779778","06",CA,California,"00",G4000,A,"403501101370","20466718403","+37.1551773","-119.5434183"
38.5301,-122.0052,307.3,1.3,1.1,03-11-2000,"1934",Terra,MODIS,"65",6.2,293.6,8.7,D,"0","4","9","06","01779778","06",CA,California,"00",G4000,A,"403501101370","20466718403","+37.1551773","-119.5434183"
38.5273,-121.9902,306.6,1.3,1.1,03-11-2000,"1934",Terra,MODIS,"64",6.2,293.9,8,D,"0","4","9","06","01779778","06",CA,California,"00",G4000,A,"403501101370","20466718403","+37.1551773","-119.5434183"
38.243,-121.467,303.6,1.4,1.2,03-11-2000,"1934",Terra,MODIS,"56",6.2,293.3,6.8,D,"0","4","9","06","01779778","06",CA,California,"00",G4000,A,"403501101370","20466718403","+37.1551773","-119.5434183"
37.3197,-120.396,316.3,1.7,1.3,03-11-2000,"1935",Terra,MODIS,"77",6.2,293.4,28.4,D,"0","4","9","06","01779778","06",CA,California,"00",G4000,A,"403501101370","20466718403","+37.1551773","-119.5434183"
37.2785,-121.4831,304.7,1.5,1.2,03-11-2000,"1935",Terra,MODIS,"59",6.2,292,9.2,D,"0","4","9","06","01779778","06",CA,California,"00",G4000,A,"403501101370","20466718403","+37.1551773","-119.5434183"
36.5941,-120.5121,309.8,1.8,1.3,03-11-2000,"1935",Terra,MODIS,"69",6.2,294,15.7,D,"0","4","9","06","01779778","06",CA,California,"00",G4000,A,"403501101370","20466718403","+37.1551773","-119.5434183"
40.4328,-124.0724,300.6,1.1,1,04-11-2000,"639",Terra,MODIS,"31",6.2,284.1,7.1,N,"0","4","9","06","01779778","06",CA,California,"00",G4000,A,"403501101370","20466718403","+37.1551773","-119.5434183"
37.4973,-120.6416,301.5,2.1,1.4,04-11-2000,"1839",Terra,MODIS,"47",6.2,288.2,10.6,D,"0","4","9","06","01779778","06",CA,California,"00",G4000,A,"403501101370","20466718403","+37.1551773","-119.5434183"
37.3624,-119.6606,300.6,1.8,1.3,04-11-2000,"1840",Terra,MODIS,"39",6.2,290.1,8.8,D,"0","4","9","06","01779778","06",CA,California,"00",G4000,A,"403501101370","20466718403","+37.1551773","-119.5434183"
40.4285,-124.0921,321.1,1,1,05-11-2000,"1922",Terra,MODIS,"0",6.2,266.6,22.7,D,"0","4","9","06","01779778","06",CA,California,"00",G4000,A,"403501101370","20466718403","+37.1551773","-119.5434183"
40.1221,-123.8027,306.7,1,1,05-11-2000,"1922",Terra,MODIS,"64",6.2,281.4,10,D,"0","4","9","06","01779778","06",CA,California,"00",G4000,A,"403501101370","20466718403","+37.1551773","-119.5434183"
39.7581,-121.4855,304.2,1,1,05-11-2000,"1922",Terra,MODIS,"55",6.2,278.7,8.4,D,"0","4","9","06","01779778","06",CA,California,"00",G4000,A,"403501101370","20466718403","+37.1551773","-119.5434183"
39.1045,-120.6789,325.2,1.1,1,05-11-2000,"1922",Terra,MODIS,"84",6.2,286.1,28.4,D,"0","4","9","06","01779778","06",CA,California,"00",G4000,A,"403501101370","20466718403","+37.1551773","-119.5434183"
39.1024,-120.6668,335.9,1.1,1,05-11-2000,"1922",Terra,MODIS,"90",6.2,286.7,44.7,D,"0","4","9","06","01779778","06",CA,California,"00",G4000,A,"403501101370","20466718403","+37.1551773","-119.5434183"
39.0932,-120.6693,300.3,1.1,1,05-11-2000,"1922",Terra,MODIS,"34",6.2,284.9,6.1,D,"0","4","9","06","01779778","06",CA,California,"00",G4000,A,"403501101370","20466718403","+37.1551773","-119.5434183"
37.9594,-122.3604,310.8,1,1,05-11-2000,"1922",Terra,MODIS,"61",6.2,288.2,8.8,D,"0","4","9","06","01779778","06",CA,California,"00",G4000,A,"403501101370","20466718403","+37.1551773","-119.5434183"
37.3183,-120.3949,307.6,1.2,1.1,05-11-2000,"1922",Terra,MODIS,"66",6.2,288.4,9.6,D,"0","4","9","06","01779778","06",CA,California,"00",G4000,A,"403501101370","20466718403","+37.1551773","-119.5434183"
41.6536,-124.0142,350.3,2.3,1.5,06-11-2000,"2004",Terra,MODIS,"96",6.2,285.2,229,D,"0","4","9","06","01779778","06",CA,California,"00",G4000,A,"403501101370","20466718403","+37.1551773","-119.5434183"
41.6476,-123.9879,346.1,2.4,1.5,06-11-2000,"2004",Terra,MODIS,"94",6.2,284.5,200.9,D,"0","4","9","06","01779778","06",CA,California,"00",G4000,A,"403501101370","20466718403","+37.1551773","-119.5434183"
41.6265,-124.0781,320.7,2.3,1.5,06-11-2000,"2004",Terra,MODIS,"70",6.2,285.3,71.9,D,"0","4","9","06","01779778","06",CA,California,"00",G4000,A,"403501101370","20466718403","+37.1551773","-119.5434183"
40.9377,-121.7665,300.4,3.3,1.7,06-11-2000,"2004",Terra,MODIS,"36",6.2,279.8,38.7,D,"0","4","9","06","01779778","06",CA,California,"00",G4000,A,"403501101370","20466718403","+37.1551773","-119.5434183"
40.9148,-122.755,311.6,2.9,1.6,06-11-2000,"2004",Terra,MODIS,"54",6.2,281.5,68.3,D,"0","4","9","06","01779778","06",CA,California,"00",G4000,A,"403501101370","20466718403","+37.1551773","-119.5434183"
40.9135,-122.7602,308.1,2.9,1.6,06-11-2000,"2004",Terra,MODIS,"50",6.2,281.5,57.4,D,"0","4","9","06","01779778","06",CA,California,"00",G4000,A,"403501101370","20466718403","+37.1551773","-119.5434183"
41.0858,-123.9763,317,2.4,1.5,06-11-2000,"2004",Terra,MODIS,"77",6.2,282.8,63.4,D,"0","4","9","06","01779778","06",CA,California,"00",G4000,A,"403501101370","20466718403","+37.1551773","-119.5434183"
41.0918,-123.9812,308.3,2.4,1.5,06-11-2000,"2004",Terra,MODIS,"67",6.2,282.7,41,D,"0","4","9","06","01779778","06",CA,California,"00",G4000,A,"403501101370","20466718403","+37.1551773","-119.5434183"
39.5669,-122.0541,313.1,3.5,1.8,06-11-2000,"2005",Terra,MODIS,"73",6.2,289.6,73,D,"0","4","9","06","01779778","06",CA,California,"00",G4000,A,"403501101370","20466718403","+37.1551773","-119.5434183"
39.5571,-122.0153,309,3.5,1.8,06-11-2000,"2005",Terra,MODIS,"68",6.2,288.9,55.5,D,"0","4","9","06","01779778","06",CA,California,"00",G4000,A,"403501101370","20466718403","+37.1551773","-119.5434183"
39.4927,-122.1361,303.4,3.5,1.8,06-11-2000,"2005",Terra,MODIS,"56",6.2,287.7,37.5,D,"0","4","9","06","01779778","06",CA,California,"00",G4000,A,"403501101370","20466718403","+37.1551773","-119.5434183"
38.9977,-121.6543,306.6,3.8,1.8,06-11-2000,"2005",Terra,MODIS,"60",6.2,290.9,48.9,D,"0","4","9","06","01779778","06",CA,California,"00",G4000,A,"403501101370","20466718403","+37.1551773","-119.5434183"
38.9919,-121.6635,307,3.8,1.8,06-11-2000,"2005",Terra,MODIS,"49",6.2,291.3,50.1,D,"0","4","9","06","01779778","06",CA,California,"00",G4000,A,"403501101370","20466718403","+37.1551773","-119.5434183"
40.917,-121.7568,317.5,1.1,1,07-11-2000,"1909",Terra,MODIS,"64",6.2,273.9,21,D,"0","4","9","06","01779778","06",CA,California,"00",G4000,A,"403501101370","20466718403","+37.1551773","-119.5434183"
40.7491,-121.6812,349.5,1.1,1,07-11-2000,"1909",Terra,MODIS,"96",6.2,278.9,71.4,D,"0","4","9","06","01779778","06",CA,California,"00",G4000,A,"403501101370","20466718403","+37.1551773","-119.5434183"
40.7474,-121.6685,339.7,1.1,1,07-11-2000,"1909",Terra,MODIS,"92",6.2,279.2,51.2,D,"0","4","9","06","01779778","06",CA,California,"00",G4000,A,"403501101370","20466718403","+37.1551773","-119.5434183"
40.7458,-121.6559,308.5,1.1,1,07-11-2000,"1909",Terra,MODIS,"67",6.2,278.1,13.4,D,"0","4","9","06","01779778","06",CA,California,"00",G4000,A,"403501101370","20466718403","+37.1551773","-119.5434183"
40.2239,-120.904,305.7,1,1,07-11-2000,"1909",Terra,MODIS,"62",6.2,280.4,10.5,D,"0","4","9","06","01779778","06",CA,California,"00",G4000,A,"403501101370","20466718403","+37.1551773","-119.5434183"
39.7015,-121.9599,302.5,1.1,1,07-11-2000,"1910",Terra,MODIS,"45",6.2,290.7,4.7,D,"0","4","9","06","01779778","06",CA,California,"00",G4000,A,"403501101370","20466718403","+37.1551773","-119.5434183"
39.6676,-121.9165,308.3,1.1,1,07-11-2000,"1910",Terra,MODIS,"67",6.2,290.2,7.6,D,"0","4","9","06","01779778","06",CA,California,"00",G4000,A,"403501101370","20466718403","+37.1551773","-119.5434183"
39.6619,-121.9243,301.5,1.1,1,07-11-2000,"1910",Terra,MODIS,"48",6.2,290.3,3.7,D,"0","4","9","06","01779778","06",CA,California,"00",G4000,A,"403501101370","20466718403","+37.1551773","-119.5434183"
39.621,-121.7571,301.5,1.1,1,07-11-2000,"1910",Terra,MODIS,"41",6.2,290.6,4.2,D,"0","4","9","06","01779778","06",CA,California,"00",G4000,A,"403501101370","20466718403","+37.1551773","-119.5434183"
39.5551,-121.684,379.9,1,1,07-11-2000,"1910",Terra,MODIS,"100",6.2,298.1,163.7,D,"0","4","9","06","01779778","06",CA,California,"00",G4000,A,"403501101370","20466718403","+37.1551773","-119.5434183"
39.5535,-121.6719,313,1,1,07-11-2000,"1910",Terra,MODIS,"73",6.2,289.3,11.8,D,"0","4","9","06","01779778","06",CA,California,"00",G4000,A,"403501101370","20466718403","+37.1551773","-119.5434183"
39.3205,-120.6379,319.3,1,1,07-11-2000,"1910",Terra,MODIS,"69",6.2,283,19.6,D,"0","4","9","06","01779778","06",CA,California,"00",G4000,A,"403501101370","20466718403","+37.1551773","-119.5434183"
39.4793,-122.1528,322.3,1.1,1,07-11-2000,"1910",Terra,MODIS,"82",6.2,289,22.3,D,"0","4","9","06","01779778","06",CA,California,"00",G4000,A,"403501101370","20466718403","+37.1551773","-119.5434183"
39.4777,-122.1404,302.4,1.1,1,07-11-2000,"1910",Terra,MODIS,"42",6.2,287.4,5.3,D,"0","4","9","06","01779778","06",CA,California,"00",G4000,A,"403501101370","20466718403","+37.1551773","-119.5434183"
39.4251,-121.737,306.7,1,1,07-11-2000,"1910",Terra,MODIS,"64",6.2,291,7.6,D,"0","4","9","06","01779778","06",CA,California,"00",G4000,A,"403501101370","20466718403","+37.1551773","-119.5434183"
39.5163,-123.7081,317.6,1.2,1.1,07-11-2000,"1910",Terra,MODIS,"78",6.2,285.4,23.3,D,"0","4","9","06","01779778","06",CA,California,"00",G4000,A,"403501101370","20466718403","+37.1551773","-119.5434183"
39.5146,-123.6932,326,1.2,1.1,07-11-2000,"1910",Terra,MODIS,"84",6.2,285.5,34.3,D,"0","4","9","06","01779778","06",CA,California,"00",G4000,A,"403501101370","20466718403","+37.1551773","-119.5434183"
39.5148,-123.7002,326.6,1.2,1.1,07-11-2000,"1910",Terra,MODIS,"84",6.2,286,34,D,"0","4","9","06","01779778","06",CA,California,"00",G4000,A,"403501101370","20466718403","+37.1551773","-119.5434183"
39.5033,-123.6878,357.2,1.2,1.1,07-11-2000,"1910",Terra,MODIS,"99",6.2,286.9,107.1,D,"0","4","9","06","01779778","06",CA,California,"00",G4000,A,"403501101370","20466718403","+37.1551773","-119.5434183"
39.5016,-123.6732,302.9,1.2,1.1,07-11-2000,"1910",Terra,MODIS,"54",6.2,285.6,7.9,D,"0","4","9","06","01779778","06",CA,California,"00",G4000,A,"403501101370","20466718403","+37.1551773","-119.5434183"
39.1623,-121.0873,302,1,1,07-11-2000,"1910",Terra,MODIS,"50",6.2,289.1,5.2,D,"0","4","9","06","01779778","06",CA,California,"00",G4000,A,"403501101370","20466718403","+37.1551773","-119.5434183"
39.4803,-123.6631,335.1,1.2,1.1,07-11-2000,"1910",Terra,MODIS,"89",6.2,285.7,50.2,D,"0","4","9","06","01779778","06",CA,California,"00",G4000,A,"403501101370","20466718403","+37.1551773","-119.5434183"
39.021,-120.4777,301.2,1,1,07-11-2000,"1910",Terra,MODIS,"45",6.2,280.5,6.8,D,"0","4","9","06","01779778","06",CA,California,"00",G4000,A,"403501101370","20466718403","+37.1551773","-119.5434183"
38.4821,-120.4527,328.7,1,1,07-11-2000,"1910",Terra,MODIS,"86",6.2,285.6,29.3,D,"0","4","9","06","01779778","06",CA,California,"00",G4000,A,"403501101370","20466718403","+37.1551773","-119.5434183"
38.4804,-120.4414,340,1,1,07-11-2000,"1910",Terra,MODIS,"92",6.2,286.6,45.6,D,"0","4","9","06","01779778","06",CA,California,"00",G4000,A,"403501101370","20466718403","+37.1551773","-119.5434183"
38.6563,-121.8399,307.5,1,1,07-11-2000,"1910",Terra,MODIS,"65",6.2,294.2,5.3,D,"0","4","9","06","01779778","06",CA,California,"00",G4000,A,"403501101370","20466718403","+37.1551773","-119.5434183"
38.4643,-120.4568,356.7,1,1,07-11-2000,"1910",Terra,MODIS,"98",6.2,287.3,79.5,D,"0","4","9","06","01779778","06",CA,California,"00",G4000,A,"403501101370","20466718403","+37.1551773","-119.5434183"
38.4627,-120.4455,342.5,1,1,07-11-2000,"1910",Terra,MODIS,"93",6.2,286.7,49.6,D,"0","4","9","06","01779778","06",CA,California,"00",G4000,A,"403501101370","20466718403","+37.1551773","-119.5434183"
38.4439,-120.3798,320.1,1,1,07-11-2000,"1910",Terra,MODIS,"80",6.2,283.9,20.4,D,"0","4","9","06","01779778","06",CA,California,"00",G4000,A,"403501101370","20466718403","+37.1551773","-119.5434183"
38.3749,-120.227,313,1,1,07-11-2000,"1910",Terra,MODIS,"73",6.2,282.8,13.9,D,"0","4","9","06","01779778","06",CA,California,"00",G4000,A,"403501101370","20466718403","+37.1551773","-119.5434183"
38.3733,-120.2157,328.7,1,1,07-11-2000,"1910",Terra,MODIS,"86",6.2,281.9,29.3,D,"0","4","9","06","01779778","06",CA,California,"00",G4000,A,"403501101370","20466718403","+37.1551773","-119.5434183"
38.3644,-120.2178,307.9,1,1,07-11-2000,"1910",Terra,MODIS,"66",6.2,280.3,9.9,D,"0","4","9","06","01779778","06",CA,California,"00",G4000,A,"403501101370","20466718403","+37.1551773","-119.5434183"
38.2433,-121.4365,306.8,1,1,07-11-2000,"1910",Terra,MODIS,"41",6.2,292.4,5.4,D,"0","4","9","06","01779778","06",CA,California,"00",G4000,A,"403501101370","20466718403","+37.1551773","-119.5434183"
38.2359,-121.45,307.7,1,1,07-11-2000,"1910",Terra,MODIS,"66",6.2,292.4,6,D,"0","4","9","06","01779778","06",CA,California,"00",G4000,A,"403501101370","20466718403","+37.1551773","-119.5434183"
38.2343,-121.4384,311.6,1,1,07-11-2000,"1910",Terra,MODIS,"71",6.2,292.3,8.8,D,"0","4","9","06","01779778","06",CA,California,"00",G4000,A,"403501101370","20466718403","+37.1551773","-119.5434183"
37.9326,-119.9254,337.7,1,1,07-11-2000,"1910",Terra,MODIS,"91",6.2,284.8,41.6,D,"0","4","9","06","01779778","06",CA,California,"00",G4000,A,"403501101370","20466718403","+37.1551773","-119.5434183"
37.9308,-119.9141,321,1,1,07-11-2000,"1910",Terra,MODIS,"81",6.2,285,20.6,D,"0","4","9","06","01779778","06",CA,California,"00",G4000,A,"403501101370","20466718403","+37.1551773","-119.5434183"
38.2645,-122.4328,306.5,1.1,1,07-11-2000,"1910",Terra,MODIS,"59",6.2,294.6,4.5,D,"0","4","9","06","01779778","06",CA,California,"00",G4000,A,"403501101370","20466718403","+37.1551773","-119.5434183"
37.7257,-121.0298,304.5,1,1,07-11-2000,"1910",Terra,MODIS,"59",6.2,290,5.5,D,"0","4","9","06","01779778","06",CA,California,"00",G4000,A,"403501101370","20466718403","+37.1551773","-119.5434183"
37.6512,-120.8326,312.8,1,1,07-11-2000,"1910",Terra,MODIS,"73",6.2,290,11.2,D,"0","4","9","06","01779778","06",CA,California,"00",G4000,A,"403501101370","20466718403","+37.1551773","-119.5434183"
37.6099,-120.865,304.4,1,1,07-11-2000,"1910",Terra,MODIS,"56",6.2,289.9,5.2,D,"0","4","9","06","01779778","06",CA,California,"00",G4000,A,"403501101370","20466718403","+37.1551773","-119.5434183"
37.6083,-120.8538,301.9,1,1,07-11-2000,"1910",Terra,MODIS,"38",6.2,289.3,3.8,D,"0","4","9","06","01779778","06",CA,California,"00",G4000,A,"403501101370","20466718403","+37.1551773","-119.5434183"
37.5889,-120.8466,304.4,1,1,07-11-2000,"1910",Terra,MODIS,"53",6.2,289.6,4.8,D,"0","4","9","06","01779778","06",CA,California,"00",G4000,A,"403501101370","20466718403","+37.1551773","-119.5434183"
37.5974,-121.0359,310,1,1,07-11-2000,"1910",Terra,MODIS,"69",6.2,290.1,8.2,D,"0","4","9","06","01779778","06",CA,California,"00",G4000,A,"403501101370","20466718403","+37.1551773","-119.5434183"
37.5885,-121.0378,303.1,1,1,07-11-2000,"1910",Terra,MODIS,"36",6.2,290.4,3.8,D,"0","4","9","06","01779778","06",CA,California,"00",G4000,A,"403501101370","20466718403","+37.1551773","-119.5434183"
37.5627,-120.8585,307.4,1,1,07-11-2000,"1910",Terra,MODIS,"65",6.2,290.6,6.6,D,"0","4","9","06","01779778","06",CA,California,"00",G4000,A,"403501101370","20466718403","+37.1551773","-119.5434183"
37.5747,-121.0061,302.1,1,1,07-11-2000,"1910",Terra,MODIS,"50",6.2,289.7,3.3,D,"0","4","9","06","01779778","06",CA,California,"00",G4000,A,"403501101370","20466718403","+37.1551773","-119.5434183"
37.557,-120.8828,304.3,1,1,07-11-2000,"1910",Terra,MODIS,"59",6.2,290.5,4.5,D,"0","4","9","06","01779778","06",CA,California,"00",G4000,A,"403501101370","20466718403","+37.1551773","-119.5434183"
37.5614,-121.1713,304.6,1,1,07-11-2000,"1910",Terra,MODIS,"59",6.2,290.9,4.4,D,"0","4","9","06","01779778","06",CA,California,"00",G4000,A,"403501101370","20466718403","+37.1551773","-119.5434183"
37.5531,-121.2428,302.6,1,1,07-11-2000,"1910",Terra,MODIS,"41",6.2,291,3.3,D,"0","4","9","06","01779778","06",CA,California,"00",G4000,A,"403501101370","20466718403","+37.1551773","-119.5434183"
37.3265,-120.6934,303.9,1,1,07-11-2000,"1910",Terra,MODIS,"57",6.2,291,3.8,D,"0","4","9","06","01779778","06",CA,California,"00",G4000,A,"403501101370","20466718403","+37.1551773","-119.5434183"
37.3249,-120.6822,305.3,1,1,07-11-2000,"1910",Terra,MODIS,"61",6.2,291.2,4.7,D,"0","4","9","06","01779778","06",CA,California,"00",G4000,A,"403501101370","20466718403","+37.1551773","-119.5434183"
37.2364,-120.3341,304.1,1,1,07-11-2000,"1910",Terra,MODIS,"58",6.2,289.7,5.2,D,"0","4","9","06","01779778","06",CA,California,"00",G4000,A,"403501101370","20466718403","+37.1551773","-119.5434183"
37.2264,-120.2672,300.4,1,1,07-11-2000,"1910",Terra,MODIS,"30",6.2,289.6,2.4,D,"0","4","9","06","01779778","06",CA,California,"00",G4000,A,"403501101370","20466718403","+37.1551773","-119.5434183"
37.3019,-121.0969,308,1,1,07-11-2000,"1910",Terra,MODIS,"66",6.2,292.5,6.7,D,"0","4","9","06","01779778","06",CA,California,"00",G4000,A,"403501101370","20466718403","+37.1551773","-119.5434183"
36.9217,-119.9064,309.8,1,1,07-11-2000,"1910",Terra,MODIS,"69",6.2,289.1,8.9,D,"0","4","9","06","01779778","06",CA,California,"00",G4000,A,"403501101370","20466718403","+37.1551773","-119.5434183"
36.92,-119.8952,312.5,1,1,07-11-2000,"1910",Terra,MODIS,"73",6.2,289.5,10.9,D,"0","4","9","06","01779778","06",CA,California,"00",G4000,A,"403501101370","20466718403","+37.1551773","-119.5434183"
37.157,-121.6385,312.9,1,1,07-11-2000,"1910",Terra,MODIS,"73",6.2,291.9,9.5,D,"0","4","9","06","01779778","06",CA,California,"00",G4000,A,"403501101370","20466718403","+37.1551773","-119.5434183"
36.9642,-121.3798,304,1,1,07-11-2000,"1910",Terra,MODIS,"50",6.2,292.1,3.7,D,"0","4","9","06","01779778","06",CA,California,"00",G4000,A,"403501101370","20466718403","+37.1551773","-119.5434183"
36.6439,-119.4938,301.3,1,1,07-11-2000,"1910",Terra,MODIS,"46",6.2,289.9,3.4,D,"0","4","9","06","01779778","06",CA,California,"00",G4000,A,"403501101370","20466718403","+37.1551773","-119.5434183"
36.6844,-120.1075,306.3,1,1,07-11-2000,"1910",Terra,MODIS,"63",6.2,289.7,6.4,D,"0","4","9","06","01779778","06",CA,California,"00",G4000,A,"403501101370","20466718403","+37.1551773","-119.5434183"
36.579,-119.5507,303.5,1,1,07-11-2000,"1910",Terra,MODIS,"56",6.2,288.7,4.8,D,"0","4","9","06","01779778","06",CA,California,"00",G4000,A,"403501101370","20466718403","+37.1551773","-119.5434183"
36.5772,-119.5394,303.9,1,1,07-11-2000,"1910",Terra,MODIS,"57",6.2,288.9,5.1,D,"0","4","9","06","01779778","06",CA,California,"00",G4000,A,"403501101370","20466718403","+37.1551773","-119.5434183"
36.3108,-119.1523,316.1,1.1,1,07-11-2000,"1910",Terra,MODIS,"76",6.2,291.4,13.1,D,"0","4","9","06","01779778","06",CA,California,"00",G4000,A,"403501101370","20466718403","+37.1551773","-119.5434183"
36.3046,-119.1602,313.9,1.1,1,07-11-2000,"1910",Terra,MODIS,"74",6.2,292,12,D,"0","4","9","06","01779778","06",CA,California,"00",G4000,A,"403501101370","20466718403","+37.1551773","-119.5434183"
36.3028,-119.1486,307.3,1.1,1,07-11-2000,"1910",Terra,MODIS,"65",6.2,292.2,6.7,D,"0","4","9","06","01779778","06",CA,California,"00",G4000,A,"403501101370","20466718403","+37.1551773","-119.5434183"
36.1282,-120.1586,304.8,1,1,07-11-2000,"1911",Terra,MODIS,"52",6.2,293.3,4.2,D,"0","4","9","06","01779778","06",CA,California,"00",G4000,A,"403501101370","20466718403","+37.1551773","-119.5434183"
35.1414,-118.8471,323.7,1.1,1.1,07-11-2000,"1911",Terra,MODIS,"81",6.2,293.7,22.2,D,"0","4","9","06","01779778","06",CA,California,"00",G4000,A,"403501101370","20466718403","+37.1551773","-119.5434183"
34.1159,-117.2698,324.8,1.4,1.2,07-11-2000,"1911",Terra,MODIS,"83",6.2,296.6,30,D,"0","4","9","06","01779778","06",CA,California,"00",G4000,A,"403501101370","20466718403","+37.1551773","-119.5434183"
34.1133,-117.2554,334.3,1.4,1.2,07-11-2000,"1911",Terra,MODIS,"89",6.2,296.7,48.8,D,"0","4","9","06","01779778","06",CA,California,"00",G4000,A,"403501101370","20466718403","+37.1551773","-119.5434183"
38.4597,-120.4591,311.2,1,1,08-11-2000,"614",Terra,MODIS,"82",6.2,277.7,14.8,N,"0","4","9","06","01779778","06",CA,California,"00",G4000,A,"403501101370","20466718403","+37.1551773","-119.5434183"
40.7463,-121.6603,308.1,1,1,08-11-2000,"615",Terra,MODIS,"48",6.2,276.5,12.3,N,"0","4","9","06","01779778","06",CA,California,"00",G4000,A,"403501101370","20466718403","+37.1551773","-119.5434183"
40.7444,-121.6725,309.1,1,1,08-11-2000,"615",Terra,MODIS,"55",6.2,276.5,13.1,N,"0","4","9","06","01779778","06",CA,California,"00",G4000,A,"403501101370","20466718403","+37.1551773","-119.5434183"
40.9426,-122.7702,319.1,1.9,1.4,08-11-2000,"1952",Terra,MODIS,"79",6.2,282.5,51.9,D,"0","4","9","06","01779778","06",CA,California,"00",G4000,A,"403501101370","20466718403","+37.1551773","-119.5434183"
40.8888,-122.5258,302.5,2,1.4,08-11-2000,"1952",Terra,MODIS,"0",6.2,275.8,23.4,D,"0","4","9","06","01779778","06",CA,California,"00",G4000,A,"403501101370","20466718403","+37.1551773","-119.5434183"
40.951,-122.7747,307.5,1.9,1.4,08-11-2000,"1952",Terra,MODIS,"65",6.2,281.6,28.1,D,"0","4","9","06","01779778","06",CA,California,"00",G4000,A,"403501101370","20466718403","+37.1551773","-119.5434183"
40.946,-122.7512,305.6,1.9,1.4,08-11-2000,"1952",Terra,MODIS,"57",6.2,282.7,24,D,"0","4","9","06","01779778","06",CA,California,"00",G4000,A,"403501101370","20466718403","+37.1551773","-119.5434183"
40.9391,-122.7782,304.1,1.9,1.4,08-11-2000,"1952",Terra,MODIS,"27",6.2,281.8,21.6,D,"0","4","9","06","01779778","06",CA,California,"00",G4000,A,"403501101370","20466718403","+37.1551773","-119.5434183"
39.4135,-121.7337,300.3,2.4,1.5,08-11-2000,"1952",Terra,MODIS,"17",6.2,289.3,12.4,D,"0","4","9","06","01779778","06",CA,California,"00",G4000,A,"403501101370","20466718403","+37.1551773","-119.5434183"
39.4005,-121.7387,304,2.4,1.5,08-11-2000,"1952",Terra,MODIS,"58",6.2,289.2,20.1,D,"0","4","9","06","01779778","06",CA,California,"00",G4000,A,"403501101370","20466718403","+37.1551773","-119.5434183"
39.4063,-121.7434,312.9,2.4,1.5,08-11-2000,"1952",Terra,MODIS,"73",6.2,289.7,41.9,D,"0","4","9","06","01779778","06",CA,California,"00",G4000,A,"403501101370","20466718403","+37.1551773","-119.5434183"
39.322,-121.7462,303.7,2.4,1.5,08-11-2000,"1953",Terra,MODIS,"57",6.2,290,19.9,D,"0","4","9","06","01779778","06",CA,California,"00",G4000,A,"403501101370","20466718403","+37.1551773","-119.5434183"
39.3157,-121.719,303.1,2.4,1.5,08-11-2000,"1953",Terra,MODIS,"55",6.2,289.9,18.8,D,"0","4","9","06","01779778","06",CA,California,"00",G4000,A,"403501101370","20466718403","+37.1551773","-119.5434183"
39.3695,-121.9368,301.1,2.4,1.5,08-11-2000,"1953",Terra,MODIS,"37",6.2,289.5,13.1,D,"0","4","9","06","01779778","06",CA,California,"00",G4000,A,"403501101370","20466718403","+37.1551773","-119.5434183"
39.3084,-121.7271,305,2.4,1.5,08-11-2000,"1953",Terra,MODIS,"56",6.2,289.7,20.9,D,"0","4","9","06","01779778","06",CA,California,"00",G4000,A,"403501101370","20466718403","+37.1551773","-119.5434183"
39.0869,-121.4861,311.8,2.6,1.5,08-11-2000,"1953",Terra,MODIS,"71",6.2,288.7,36.8,D,"0","4","9","06","01779778","06",CA,California,"00",G4000,A,"403501101370","20466718403","+37.1551773","-119.5434183"
39.0669,-121.4629,310.3,2.6,1.5,08-11-2000,"1953",Terra,MODIS,"70",6.2,288.8,33.4,D,"0","4","9","06","01779778","06",CA,California,"00",G4000,A,"403501101370","20466718403","+37.1551773","-119.5434183"
39.0603,-121.4344,309.1,2.6,1.5,08-11-2000,"1953",Terra,MODIS,"68",6.2,289.2,31.1,D,"0","4","9","06","01779778","06",CA,California,"00",G4000,A,"403501101370","20466718403","+37.1551773","-119.5434183"
39.186,-122.0982,312.3,2.3,1.5,08-11-2000,"1953",Terra,MODIS,"72",6.2,289.7,34.9,D,"0","4","9","06","01779778","06",CA,California,"00",G4000,A,"403501101370","20466718403","+37.1551773","-119.5434183"
39.0613,-121.4703,307,2.6,1.5,08-11-2000,"1953",Terra,MODIS,"65",6.2,288.8,25.6,D,"0","4","9","06","01779778","06",CA,California,"00",G4000,A,"403501101370","20466718403","+37.1551773","-119.5434183"
39.0548,-121.4417,314.2,2.6,1.5,08-11-2000,"1953",Terra,MODIS,"74",6.2,289,46.8,D,"0","4","9","06","01779778","06",CA,California,"00",G4000,A,"403501101370","20466718403","+37.1551773","-119.5434183"
38.8619,-121.8614,307.2,2.5,1.5,08-11-2000,"1953",Terra,MODIS,"54",6.2,293.3,20.2,D,"0","4","9","06","01779778","06",CA,California,"00",G4000,A,"403501101370","20466718403","+37.1551773","-119.5434183"
38.8567,-121.7508,304.5,2.5,1.5,08-11-2000,"1953",Terra,MODIS,"59",6.2,290.9,16.1,D,"0","4","9","06","01779778","06",CA,California,"00",G4000,A,"403501101370","20466718403","+37.1551773","-119.5434183"
38.8552,-121.8709,313.2,2.5,1.5,08-11-2000,"1953",Terra,MODIS,"73",6.2,294.1,38.2,D,"0","4","9","06","01779778","06",CA,California,"00",G4000,A,"403501101370","20466718403","+37.1551773","-119.5434183"
38.2394,-122.316,305.2,2.4,1.5,08-11-2000,"1953",Terra,MODIS,"57",6.2,291.7,17.1,D,"0","4","9","06","01779778","06",CA,California,"00",G4000,A,"403501101370","20466718403","+37.1551773","-119.5434183"
40.9829,-122.7252,400,1.6,1.3,09-11-2000,"1857",Terra,MODIS,"87",6.2,282.6,534.2,D,"0","4","9","06","01779778","06",CA,California,"00",G4000,A,"403501101370","20466718403","+37.1551773","-119.5434183"
40.9812,-122.7064,341.4,1.6,1.3,09-11-2000,"1857",Terra,MODIS,"66",6.2,279.2,100.8,D,"0","4","9","06","01779778","06",CA,California,"00",G4000,A,"403501101370","20466718403","+37.1551773","-119.5434183"
40.9849,-122.7316,366.4,1.6,1.3,09-11-2000,"1857",Terra,MODIS,"94",6.2,277.4,224.9,D,"0","4","9","06","01779778","06",CA,California,"00",G4000,A,"403501101370","20466718403","+37.1551773","-119.5434183"
40.9832,-122.7129,366.2,1.6,1.3,09-11-2000,"1857",Terra,MODIS,"71",6.2,282.5,222.4,D,"0","4","9","06","01779778","06",CA,California,"00",G4000,A,"403501101370","20466718403","+37.1551773","-119.5434183"
40.3263,-123.8728,302.3,1.9,1.3,09-11-2000,"1857",Terra,MODIS,"49",6.2,274.2,19.7,D,"0","4","9","06","01779778","06",CA,California,"00",G4000,A,"403501101370","20466718403","+37.1551773","-119.5434183"
39.1739,-122.0181,304.2,1.4,1.2,09-11-2000,"1858",Terra,MODIS,"40",6.2,288.5,9.7,D,"0","4","9","06","01779778","06",CA,California,"00",G4000,A,"403501101370","20466718403","+37.1551773","-119.5434183"
38.8625,-121.7614,306.6,1.4,1.2,09-11-2000,"1858",Terra,MODIS,"64",6.2,289.1,8.9,D,"0","4","9","06","01779778","06",CA,California,"00",G4000,A,"403501101370","20466718403","+37.1551773","-119.5434183"
38.8521,-121.7632,304.7,1.4,1.2,09-11-2000,"1858",Terra,MODIS,"57",6.2,289.9,7.2,D,"0","4","9","06","01779778","06",CA,California,"00",G4000,A,"403501101370","20466718403","+37.1551773","-119.5434183"
38.4534,-121.1888,301.5,1.3,1.1,09-11-2000,"1858",Terra,MODIS,"48",6.2,289.1,5.8,D,"0","4","9","06","01779778","06",CA,California,"00",G4000,A,"403501101370","20466718403","+37.1551773","-119.5434183"
38.455,-121.1951,301.9,1.3,1.1,09-11-2000,"1858",Terra,MODIS,"50",6.2,289,6.1,D,"0","4","9","06","01779778","06",CA,California,"00",G4000,A,"403501101370","20466718403","+37.1551773","-119.5434183"
38.3398,-120.3083,311.7,1.2,1.1,09-11-2000,"1858",Terra,MODIS,"72",6.2,277.4,18.6,D,"0","4","9","06","01779778","06",CA,California,"00",G4000,A,"403501101370","20466718403","+37.1551773","-119.5434183"
38.3414,-122.3108,301.7,1.4,1.2,09-11-2000,"1858",Terra,MODIS,"48",6.2,288.8,6.9,D,"0","4","9","06","01779778","06",CA,California,"00",G4000,A,"403501101370","20466718403","+37.1551773","-119.5434183"
38.1608,-121.4741,305.2,1.3,1.1,09-11-2000,"1858",Terra,MODIS,"61",6.2,289.2,7.8,D,"0","4","9","06","01779778","06",CA,California,"00",G4000,A,"403501101370","20466718403","+37.1551773","-119.5434183"
38.0931,-121.2334,301,1.3,1.1,09-11-2000,"1858",Terra,MODIS,"35",6.2,288.3,4.8,D,"0","4","9","06","01779778","06",CA,California,"00",G4000,A,"403501101370","20466718403","+37.1551773","-119.5434183"
38.0883,-121.1904,308,1.3,1.1,09-11-2000,"1858",Terra,MODIS,"65",6.2,290.8,10.2,D,"0","4","9","06","01779778","06",CA,California,"00",G4000,A,"403501101370","20466718403","+37.1551773","-119.5434183"
38.0867,-121.1761,302.8,1.3,1.1,09-11-2000,"1858",Terra,MODIS,"35",6.2,291.3,5.5,D,"0","4","9","06","01779778","06",CA,California,"00",G4000,A,"403501101370","20466718403","+37.1551773","-119.5434183"
38.0944,-121.2398,301.5,1.3,1.1,09-11-2000,"1858",Terra,MODIS,"34",6.2,288.5,5.3,D,"0","4","9","06","01779778","06",CA,California,"00",G4000,A,"403501101370","20466718403","+37.1551773","-119.5434183"
38.0878,-121.1826,309.6,1.3,1.1,09-11-2000,"1858",Terra,MODIS,"69",6.2,291.1,11.4,D,"0","4","9","06","01779778","06",CA,California,"00",G4000,A,"403501101370","20466718403","+37.1551773","-119.5434183"
37.9712,-121.5042,314.1,1.3,1.1,09-11-2000,"1858",Terra,MODIS,"65",6.2,289.8,17.2,D,"0","4","9","06","01779778","06",CA,California,"00",G4000,A,"403501101370","20466718403","+37.1551773","-119.5434183"
37.9696,-121.4895,307.1,1.3,1.1,09-11-2000,"1858",Terra,MODIS,"65",6.2,289.9,9.8,D,"0","4","9","06","01779778","06",CA,California,"00",G4000,A,"403501101370","20466718403","+37.1551773","-119.5434183"
37.9583,-121.3873,302.9,1.3,1.1,09-11-2000,"1858",Terra,MODIS,"51",6.2,290.2,5.7,D,"0","4","9","06","01779778","06",CA,California,"00",G4000,A,"403501101370","20466718403","+37.1551773","-119.5434183"
37.7979,-121.1371,318.9,1.2,1.1,09-11-2000,"1858",Terra,MODIS,"79",6.2,288.9,22.3,D,"0","4","9","06","01779778","06",CA,California,"00",G4000,A,"403501101370","20466718403","+37.1551773","-119.5434183"
37.686,-121.135,305.3,1.2,1.1,09-11-2000,"1858",Terra,MODIS,"61",6.2,290.8,7.9,D,"0","4","9","06","01779778","06",CA,California,"00",G4000,A,"403501101370","20466718403","+37.1551773","-119.5434183"
37.573,-120.7844,312.3,1.2,1.1,09-11-2000,"1858",Terra,MODIS,"72",6.2,288.6,14.3,D,"0","4","9","06","01779778","06",CA,California,"00",G4000,A,"403501101370","20466718403","+37.1551773","-119.5434183"
37.4958,-120.6355,313.9,1.2,1.1,09-11-2000,"1858",Terra,MODIS,"74",6.2,289.3,15.2,D,"0","4","9","06","01779778","06",CA,California,"00",G4000,A,"403501101370","20466718403","+37.1551773","-119.5434183"
37.4068,-120.7395,301.9,1.2,1.1,09-11-2000,"1858",Terra,MODIS,"47",6.2,289,4.4,D,"0","4","9","06","01779778","06",CA,California,"00",G4000,A,"403501101370","20466718403","+37.1551773","-119.5434183"
37.1191,-120.0798,300.6,1.1,1,09-11-2000,"1858",Terra,MODIS,"40",6.2,288.5,4.4,D,"0","4","9","06","01779778","06",CA,California,"00",G4000,A,"403501101370","20466718403","+37.1551773","-119.5434183"
37.0863,-120.1241,300,1.1,1.1,09-11-2000,"1858",Terra,MODIS,"18",6.2,287.6,3.9,D,"0","4","9","06","01779778","06",CA,California,"00",G4000,A,"403501101370","20466718403","+37.1551773","-119.5434183"
36.7566,-119.6254,316.5,1.1,1,09-11-2000,"1858",Terra,MODIS,"77",6.2,285.6,16,D,"0","4","9","06","01779778","06",CA,California,"00",G4000,A,"403501101370","20466718403","+37.1551773","-119.5434183"
36.756,-120.0366,301.6,1.1,1,09-11-2000,"1858",Terra,MODIS,"48",6.2,288.5,4.8,D,"0","4","9","06","01779778","06",CA,California,"00",G4000,A,"403501101370","20466718403","+37.1551773","-119.5434183"
36.1671,-120.1859,305.3,1.1,1,09-11-2000,"1858",Terra,MODIS,"46",6.2,292.9,3.8,D,"0","4","9","06","01779778","06",CA,California,"00",G4000,A,"403501101370","20466718403","+37.1551773","-119.5434183"
35.8778,-119.2415,310.9,1,1,09-11-2000,"1858",Terra,MODIS,"69",6.2,288.5,9.4,D,"0","4","9","06","01779778","06",CA,California,"00",G4000,A,"403501101370","20466718403","+37.1551773","-119.5434183"
35.8157,-119.127,302.1,1,1,09-11-2000,"1858",Terra,MODIS,"33",6.2,287,4.7,D,"0","4","9","06","01779778","06",CA,California,"00",G4000,A,"403501101370","20466718403","+37.1551773","-119.5434183"
35.5657,-119.6545,309.2,1,1,09-11-2000,"1858",Terra,MODIS,"68",6.2,290.9,7.1,D,"0","4","9","06","01779778","06",CA,California,"00",G4000,A,"403501101370","20466718403","+37.1551773","-119.5434183"
35.1202,-119.0218,310.5,1,1,09-11-2000,"1859",Terra,MODIS,"54",6.2,288,7.5,D,"0","4","9","06","01779778","06",CA,California,"00",G4000,A,"403501101370","20466718403","+37.1551773","-119.5434183"
33.1324,-115.5633,315.4,1.2,1.1,09-11-2000,"1859",Terra,MODIS,"68",6.2,296.3,12.2,D,"0","4","9","06","01779778","06",CA,California,"00",G4000,A,"403501101370","20466718403","+37.1551773","-119.5434183"
33.1311,-115.5694,312.3,1.2,1.1,09-11-2000,"1859",Terra,MODIS,"61",6.2,296.7,9.3,D,"0","4","9","06","01779778","06",CA,California,"00",G4000,A,"403501101370","20466718403","+37.1551773","-119.5434183"
37.24,-120.3398,300.9,1.3,1.2,10-11-2000,"601",Terra,MODIS,"35",6.2,275.2,13.8,N,"0","4","9","06","01779778","06",CA,California,"00",G4000,A,"403501101370","20466718403","+37.1551773","-119.5434183"
39.4085,-120.8801,304.4,1.3,1.1,10-11-2000,"602",Terra,MODIS,"60",6.2,270.6,17.2,N,"0","4","9","06","01779778","06",CA,California,"00",G4000,A,"403501101370","20466718403","+37.1551773","-119.5434183"
37.9936,-121.3849,327.7,1.8,1.3,10-11-2000,"1941",Terra,MODIS,"80",6.2,286.9,64.9,D,"0","4","9","06","01779778","06",CA,California,"00",G4000,A,"403501101370","20466718403","+37.1551773","-119.5434183"
40.9622,-122.7514,300.2,1.4,1.2,11-11-2000,"645",Terra,MODIS,"16",6.2,270.8,14.1,N,"0","4","9","06","01779778","06",CA,California,"00",G4000,A,"403501101370","20466718403","+37.1551773","-119.5434183"
37.6461,-121.0629,304.6,1.8,1.3,11-11-2000,"1846",Terra,MODIS,"59",6.2,285,16.4,D,"0","4","9","06","01779778","06",CA,California,"00",G4000,A,"403501101370","20466718403","+37.1551773","-119.5434183"
36.5202,-119.5238,300.2,1.4,1.2,11-11-2000,"1846",Terra,MODIS,"24",6.2,285.8,6.3,D,"0","4","9","06","01779778","06",CA,California,"00",G4000,A,"403501101370","20466718403","+37.1551773","-119.5434183"
36.5161,-119.5312,300.5,1.4,1.2,11-11-2000,"1846",Terra,MODIS,"38",6.2,286.7,7.1,D,"0","4","9","06","01779778","06",CA,California,"00",G4000,A,"403501101370","20466718403","+37.1551773","-119.5434183"
35.864,-119.2506,306.6,1.4,1.2,11-11-2000,"1846",Terra,MODIS,"64",6.2,285.5,11.1,D,"0","4","9","06","01779778","06",CA,California,"00",G4000,A,"403501101370","20466718403","+37.1551773","-119.5434183"
34.0962,-117.5306,309.6,1.1,1,11-11-2000,"1846",Terra,MODIS,"59",6.2,292.2,6.4,D,"0","4","9","06","01779778","06",CA,California,"00",G4000,A,"403501101370","20466718403","+37.1551773","-119.5434183"
34.0895,-117.5265,307.3,1.1,1,11-11-2000,"1846",Terra,MODIS,"49",6.2,294.2,3.6,D,"0","4","9","06","01779778","06",CA,California,"00",G4000,A,"403501101370","20466718403","+37.1551773","-119.5434183"
40.9463,-123.9337,307.1,1,1,12-11-2000,"1928",Terra,MODIS,"65",6.2,280.4,11.1,D,"0","4","9","06","01779778","06",CA,California,"00",G4000,A,"403501101370","20466718403","+37.1551773","-119.5434183"
40.3839,-123.8844,327.2,1,1,12-11-2000,"1928",Terra,MODIS,"85",6.2,281,28.7,D,"0","4","9","06","01779778","06",CA,California,"00",G4000,A,"403501101370","20466718403","+37.1551773","-119.5434183"
40.3821,-123.8729,304,1,1,12-11-2000,"1928",Terra,MODIS,"54",6.2,279.7,8.6,D,"0","4","9","06","01779778","06",CA,California,"00",G4000,A,"403501101370","20466718403","+37.1551773","-119.5434183"
40.375,-123.8865,311.3,1,1,12-11-2000,"1928",Terra,MODIS,"71",6.2,280.4,13.8,D,"0","4","9","06","01779778","06",CA,California,"00",G4000,A,"403501101370","20466718403","+37.1551773","-119.5434183"
39.75,-123.259,307,1,1,12-11-2000,"1928",Terra,MODIS,"65",6.2,282.3,10.5,D,"0","4","9","06","01779778","06",CA,California,"00",G4000,A,"403501101370","20466718403","+37.1551773","-119.5434183"
39.2421,-122.2444,308,1.1,1,12-11-2000,"1928",Terra,MODIS,"66",6.2,289.1,8.9,D,"0","4","9","06","01779778","06",CA,California,"00",G4000,A,"403501101370","20466718403","+37.1551773","-119.5434183"
39.24,-122.2319,365.4,1.1,1,12-11-2000,"1928",Terra,MODIS,"100",6.2,292.9,117.4,D,"0","4","9","06","01779778","06",CA,California,"00",G4000,A,"403501101370","20466718403","+37.1551773","-119.5434183"
38.5315,-122.0062,310.8,1.1,1.1,12-11-2000,"1928",Terra,MODIS,"70",6.2,289.3,12.5,D,"0","4","9","06","01779778","06",CA,California,"00",G4000,A,"403501101370","20466718403","+37.1551773","-119.5434183"
38.5293,-121.9933,310.9,1.1,1.1,12-11-2000,"1928",Terra,MODIS,"71",6.2,289.8,12.5,D,"0","4","9","06","01779778","06",CA,California,"00",G4000,A,"403501101370","20466718403","+37.1551773","-119.5434183"
40.3705,-123.8658,300.4,1,1,13-11-2000,"633",Terra,MODIS,"22",6.2,274.6,8.2,N,"0","4","9","06","01779778","06",CA,California,"00",G4000,A,"403501101370","20466718403","+37.1551773","-119.5434183"
36.6333,-119.9811,303.4,2.4,1.5,13-11-2000,"1834",Terra,MODIS,"56",6.2,286.7,19.3,D,"0","4","9","06","01779778","06",CA,California,"00",G4000,A,"403501101370","20466718403","+37.1551773","-119.5434183"
36.1322,-120.153,302.7,2.4,1.5,13-11-2000,"1834",Terra,MODIS,"53",6.2,290.2,13.2,D,"0","4","9","06","01779778","06",CA,California,"00",G4000,A,"403501101370","20466718403","+37.1551773","-119.5434183"
36.0553,-119.3331,304.1,2.1,1.4,13-11-2000,"1834",Terra,MODIS,"54",6.2,290.1,11.9,D,"0","4","9","06","01779778","06",CA,California,"00",G4000,A,"403501101370","20466718403","+37.1551773","-119.5434183"
36.0426,-119.3346,303.8,2.1,1.4,13-11-2000,"1834",Terra,MODIS,"41",6.2,290.3,11.1,D,"0","4","9","06","01779778","06",CA,California,"00",G4000,A,"403501101370","20466718403","+37.1551773","-119.5434183"
36.0551,-119.3392,306.7,2.1,1.4,13-11-2000,"1834",Terra,MODIS,"52",6.2,289.9,15.7,D,"0","4","9","06","01779778","06",CA,California,"00",G4000,A,"403501101370","20466718403","+37.1551773","-119.5434183"
36.0424,-119.3406,306.2,2.1,1.4,13-11-2000,"1834",Terra,MODIS,"46",6.2,290,14.7,D,"0","4","9","06","01779778","06",CA,California,"00",G4000,A,"403501101370","20466718403","+37.1551773","-119.5434183"
35.8678,-119.2511,301.5,2.1,1.4,13-11-2000,"1834",Terra,MODIS,"45",6.2,287.3,11.5,D,"0","4","9","06","01779778","06",CA,California,"00",G4000,A,"403501101370","20466718403","+37.1551773","-119.5434183"
34.819,-118.3836,307.1,1.8,1.3,13-11-2000,"1834",Terra,MODIS,"62",6.2,291.8,11.7,D,"0","4","9","06","01779778","06",CA,California,"00",G4000,A,"403501101370","20466718403","+37.1551773","-119.5434183"
38.2275,-120.182,303.4,1,1,15-11-2000,"620",Terra,MODIS,"55",6.2,267.1,11.5,N,"0","4","9","06","01779778","06",CA,California,"00",G4000,A,"403501101370","20466718403","+37.1551773","-119.5434183"
38.2259,-120.1934,301.5,1,1,15-11-2000,"620",Terra,MODIS,"42",6.2,267.7,10.4,N,"0","4","9","06","01779778","06",CA,California,"00",G4000,A,"403501101370","20466718403","+37.1551773","-119.5434183"
38.792,-120.5641,309.5,1,1,15-11-2000,"620",Terra,MODIS,"78",6.2,271.5,14.2,N,"0","4","9","06","01779778","06",CA,California,"00",G4000,A,"403501101370","20466718403","+37.1551773","-119.5434183"
38.8025,-120.5549,302.1,1,1,15-11-2000,"620",Terra,MODIS,"40",6.2,270.5,9.4,N,"0","4","9","06","01779778","06",CA,California,"00",G4000,A,"403501101370","20466718403","+37.1551773","-119.5434183"
38.8009,-120.5662,324.5,1,1,15-11-2000,"620",Terra,MODIS,"100",6.2,272.7,27.4,N,"0","4","9","06","01779778","06",CA,California,"00",G4000,A,"403501101370","20466718403","+37.1551773","-119.5434183"
39.4622,-121.3027,302.9,1,1,15-11-2000,"620",Terra,MODIS,"52",6.2,273.6,10.4,N,"0","4","9","06","01779778","06",CA,California,"00",G4000,A,"403501101370","20466718403","+37.1551773","-119.5434183"
33.8745,-117.4152,313.3,2.4,1.5,15-11-2000,"1822",Terra,MODIS,"71",6.2,290.8,38.2,D,"0","4","9","06","01779778","06",CA,California,"00",G4000,A,"403501101370","20466718403","+37.1551773","-119.5434183"
40.6182,-123.1991,306.4,1.4,1.2,16-11-2000,"1903",Terra,MODIS,"63",6.2,274.1,20.3,D,"0","4","9","06","01779778","06",CA,California,"00",G4000,A,"403501101370","20466718403","+37.1551773","-119.5434183"
40.2989,-120.5715,300.7,1.1,1,16-11-2000,"1903",Terra,MODIS,"35",6.2,273.1,9.8,D,"0","4","9","06","01779778","06",CA,California,"00",G4000,A,"403501101370","20466718403","+37.1551773","-119.5434183"
40.2973,-120.5589,325.8,1.1,1,16-11-2000,"1903",Terra,MODIS,"84",6.2,274.7,32.4,D,"0","4","9","06","01779778","06",CA,California,"00",G4000,A,"403501101370","20466718403","+37.1551773","-119.5434183"
40.0689,-122.1473,315.1,1.2,1.1,16-11-2000,"1903",Terra,MODIS,"71",6.2,284.1,21.3,D,"0","4","9","06","01779778","06",CA,California,"00",G4000,A,"403501101370","20466718403","+37.1551773","-119.5434183"
39.9971,-123.9139,338.5,1.5,1.2,16-11-2000,"1903",Terra,MODIS,"91",6.2,280.2,80.9,D,"0","4","9","06","01779778","06",CA,California,"00",G4000,A,"403501101370","20466718403","+37.1551773","-119.5434183"
39.9959,-123.9212,322.9,1.5,1.2,16-11-2000,"1903",Terra,MODIS,"82",6.2,279.3,45,D,"0","4","9","06","01779778","06",CA,California,"00",G4000,A,"403501101370","20466718403","+37.1551773","-119.5434183"
39.9942,-123.9034,326.6,1.5,1.2,16-11-2000,"1903",Terra,MODIS,"85",6.2,280.1,52,D,"0","4","9","06","01779778","06",CA,California,"00",G4000,A,"403501101370","20466718403","+37.1551773","-119.5434183"
39.7086,-122.1949,313.3,1.2,1.1,16-11-2000,"1903",Terra,MODIS,"73",6.2,287.2,17.3,D,"0","4","9","06","01779778","06",CA,California,"00",G4000,A,"403501101370","20466718403","+37.1551773","-119.5434183"
39.7069,-122.1806,301.7,1.2,1.1,16-11-2000,"1903",Terra,MODIS,"49",6.2,286.3,6.9,D,"0","4","9","06","01779778","06",CA,California,"00",G4000,A,"403501101370","20466718403","+37.1551773","-119.5434183"
38.5683,-122.5282,309.1,1.2,1.1,16-11-2000,"1904",Terra,MODIS,"68",6.2,287,14.8,D,"0","4","9","06","01779778","06",CA,California,"00",G4000,A,"403501101370","20466718403","+37.1551773","-119.5434183"
38.24,-120.0784,356,1,1,16-11-2000,"1904",Terra,MODIS,"98",6.2,278.3,82.4,D,"0","4","9","06","01779778","06",CA,California,"00",G4000,A,"403501101370","20466718403","+37.1551773","-119.5434183"
38.1698,-120.1714,324.2,1,1,16-11-2000,"1904",Terra,MODIS,"83",6.2,276,25.5,D,"0","4","9","06","01779778","06",CA,California,"00",G4000,A,"403501101370","20466718403","+37.1551773","-119.5434183"
38.164,-120.1965,311.7,1,1,16-11-2000,"1904",Terra,MODIS,"42",6.2,276.5,12.9,D,"0","4","9","06","01779778","06",CA,California,"00",G4000,A,"403501101370","20466718403","+37.1551773","-119.5434183"
37.8336,-120.0026,300.7,1,1,16-11-2000,"1904",Terra,MODIS,"40",6.2,282.6,7.1,D,"0","4","9","06","01779778","06",CA,California,"00",G4000,A,"403501101370","20466718403","+37.1551773","-119.5434183"
37.527,-120.9363,306.3,1.1,1,16-11-2000,"1904",Terra,MODIS,"63",6.2,287.1,7.4,D,"0","4","9","06","01779778","06",CA,California,"00",G4000,A,"403501101370","20466718403","+37.1551773","-119.5434183"
37.3706,-120.6604,311.8,1,1,16-11-2000,"1904",Terra,MODIS,"72",6.2,287.4,11.6,D,"0","4","9","06","01779778","06",CA,California,"00",G4000,A,"403501101370","20466718403","+37.1551773","-119.5434183"
37.0516,-120.0751,303,1,1,16-11-2000,"1904",Terra,MODIS,"49",6.2,286.9,5.4,D,"0","4","9","06","01779778","06",CA,California,"00",G4000,A,"403501101370","20466718403","+37.1551773","-119.5434183"
36.8892,-120.099,304,1,1,16-11-2000,"1904",Terra,MODIS,"54",6.2,286.2,5.4,D,"0","4","9","06","01779778","06",CA,California,"00",G4000,A,"403501101370","20466718403","+37.1551773","-119.5434183"
36.771,-119.5277,303,1,1,16-11-2000,"1904",Terra,MODIS,"54",6.2,287.7,5.2,D,"0","4","9","06","01779778","06",CA,California,"00",G4000,A,"403501101370","20466718403","+37.1551773","-119.5434183"
36.6315,-119.9706,312.7,1,1,16-11-2000,"1904",Terra,MODIS,"73",6.2,289.5,10.9,D,"0","4","9","06","01779778","06",CA,California,"00",G4000,A,"403501101370","20466718403","+37.1551773","-119.5434183"
35.7044,-119.2423,319.2,1,1,16-11-2000,"1904",Terra,MODIS,"79",6.2,290.3,16.1,D,"0","4","9","06","01779778","06",CA,California,"00",G4000,A,"403501101370","20466718403","+37.1551773","-119.5434183"
35.7077,-119.9567,315,1,1,16-11-2000,"1904",Terra,MODIS,"75",6.2,293.2,11,D,"0","4","9","06","01779778","06",CA,California,"00",G4000,A,"403501101370","20466718403","+37.1551773","-119.5434183"
35.7062,-119.9458,309.7,1,1,16-11-2000,"1904",Terra,MODIS,"66",6.2,290.1,7.2,D,"0","4","9","06","01779778","06",CA,California,"00",G4000,A,"403501101370","20466718403","+37.1551773","-119.5434183"
35.6621,-119.8313,314.8,1,1,16-11-2000,"1904",Terra,MODIS,"75",6.2,294,10.2,D,"0","4","9","06","01779778","06",CA,California,"00",G4000,A,"403501101370","20466718403","+37.1551773","-119.5434183"
35.6605,-119.8204,308.5,1,1,16-11-2000,"1904",Terra,MODIS,"67",6.2,294.3,5.4,D,"0","4","9","06","01779778","06",CA,California,"00",G4000,A,"403501101370","20466718403","+37.1551773","-119.5434183"
35.386,-119.3374,309.7,1,1,16-11-2000,"1905",Terra,MODIS,"68",6.2,293.8,7.1,D,"0","4","9","06","01779778","06",CA,California,"00",G4000,A,"403501101370","20466718403","+37.1551773","-119.5434183"
34.735,-118.298,311.2,1,1,16-11-2000,"1905",Terra,MODIS,"71",6.2,292.7,8,D,"0","4","9","06","01779778","06",CA,California,"00",G4000,A,"403501101370","20466718403","+37.1551773","-119.5434183"
34.0978,-117.5314,306.5,1.1,1.1,16-11-2000,"1905",Terra,MODIS,"56",6.2,292.3,4.4,D,"0","4","9","06","01779778","06",CA,California,"00",G4000,A,"403501101370","20466718403","+37.1551773","-119.5434183"
33.0443,-115.501,312.8,1.5,1.2,16-11-2000,"1905",Terra,MODIS,"69",6.2,294.3,16.7,D,"0","4","9","06","01779778","06",CA,California,"00",G4000,A,"403501101370","20466718403","+37.1551773","-119.5434183"
32.634,-116.3101,309.4,1.3,1.1,16-11-2000,"1905",Terra,MODIS,"58",6.2,288.2,12.5,D,"0","4","9","06","01779778","06",CA,California,"00",G4000,A,"403501101370","20466718403","+37.1551773","-119.5434183"
32.6239,-116.3124,314.8,1.3,1.1,16-11-2000,"1905",Terra,MODIS,"71",6.2,288.1,19.2,D,"0","4","9","06","01779778","06",CA,California,"00",G4000,A,"403501101370","20466718403","+37.1551773","-119.5434183"
35.7147,-117.5771,302.3,4.1,1.9,17-11-2000,"1809",Terra,MODIS,"43",6.2,287.3,22.1,D,"0","4","9","06","01779778","06",CA,California,"00",G4000,A,"403501101370","20466718403","+37.1551773","-119.5434183"
35.7105,-117.585,304.2,4.1,1.9,17-11-2000,"1809",Terra,MODIS,"58",6.2,287.8,33.7,D,"0","4","9","06","01779778","06",CA,California,"00",G4000,A,"403501101370","20466718403","+37.1551773","-119.5434183"
34.7169,-118.0364,300.5,4.3,1.9,17-11-2000,"1809",Terra,MODIS,"32",6.2,286.2,21.6,D,"0","4","9","06","01779778","06",CA,California,"00",G4000,A,"403501101370","20466718403","+37.1551773","-119.5434183"
41.2854,-123.8696,314.4,1.4,1.2,17-11-2000,"1946",Terra,MODIS,"75",6.2,279.9,26.4,D,"0","4","9","06","01779778","06",CA,California,"00",G4000,A,"403501101370","20466718403","+37.1551773","-119.5434183"
40.4681,-123.7451,342.7,1.4,1.2,17-11-2000,"1946",Terra,MODIS,"93",6.2,284.1,87.1,D,"0","4","9","06","01779778","06",CA,California,"00",G4000,A,"403501101370","20466718403","+37.1551773","-119.5434183"
40.4651,-123.7299,304.1,1.4,1.2,17-11-2000,"1946",Terra,MODIS,"58",6.2,281.8,14.2,D,"0","4","9","06","01779778","06",CA,California,"00",G4000,A,"403501101370","20466718403","+37.1551773","-119.5434183"
40.4642,-123.7525,333.8,1.4,1.2,17-11-2000,"1946",Terra,MODIS,"89",6.2,282.7,62.2,D,"0","4","9","06","01779778","06",CA,California,"00",G4000,A,"403501101370","20466718403","+37.1551773","-119.5434183"
40.4612,-123.737,326.4,1.4,1.2,17-11-2000,"1946",Terra,MODIS,"84",6.2,282.3,46.5,D,"0","4","9","06","01779778","06",CA,California,"00",G4000,A,"403501101370","20466718403","+37.1551773","-119.5434183"
38.8504,-120.4565,311.1,2.4,1.5,17-11-2000,"1946",Terra,MODIS,"71",6.2,278.2,52.2,D,"0","4","9","06","01779778","06",CA,California,"00",G4000,A,"403501101370","20466718403","+37.1551773","-119.5434183"
38.8558,-120.4602,316.9,2.4,1.5,17-11-2000,"1946",Terra,MODIS,"75",6.2,278.6,64.2,D,"0","4","9","06","01779778","06",CA,California,"00",G4000,A,"403501101370","20466718403","+37.1551773","-119.5434183"
39.4325,-123.6675,342.5,1.5,1.2,17-11-2000,"1946",Terra,MODIS,"93",6.2,284.8,94.2,D,"0","4","9","06","01779778","06",CA,California,"00",G4000,A,"403501101370","20466718403","+37.1551773","-119.5434183"
39.431,-123.6745,331.7,1.5,1.2,17-11-2000,"1946",Terra,MODIS,"88",6.2,285.2,62.7,D,"0","4","9","06","01779778","06",CA,California,"00",G4000,A,"403501101370","20466718403","+37.1551773","-119.5434183"
39.4277,-123.6575,312.4,1.5,1.2,17-11-2000,"1946",Terra,MODIS,"72",6.2,283.7,25.6,D,"0","4","9","06","01779778","06",CA,California,"00",G4000,A,"403501101370","20466718403","+37.1551773","-119.5434183"
39.1812,-123.4716,302.2,1.6,1.2,17-11-2000,"1946",Terra,MODIS,"51",6.2,284.2,14.3,D,"0","4","9","06","01779778","06",CA,California,"00",G4000,A,"403501101370","20466718403","+37.1551773","-119.5434183"
35.7152,-119.9671,304.1,3.2,1.7,17-11-2000,"1947",Terra,MODIS,"45",6.2,293.3,19,D,"0","4","9","06","01779778","06",CA,California,"00",G4000,A,"403501101370","20466718403","+37.1551773","-119.5434183"
41.089,-123.8196,300.8,2.4,1.5,18-11-2000,"1851",Terra,MODIS,"42",6.2,277.5,26.6,D,"0","4","9","06","01779778","06",CA,California,"00",G4000,A,"403501101370","20466718403","+37.1551773","-119.5434183"
39.1437,-122.6582,304.4,1.9,1.3,18-11-2000,"1851",Terra,MODIS,"59",6.2,284.6,19.6,D,"0","4","9","06","01779778","06",CA,California,"00",G4000,A,"403501101370","20466718403","+37.1551773","-119.5434183"
35.5957,-119.2521,307.7,1.1,1.1,18-11-2000,"1852",Terra,MODIS,"63",6.2,294.2,7.6,D,"0","4","9","06","01779778","06",CA,California,"00",G4000,A,"403501101370","20466718403","+37.1551773","-119.5434183"
34.8371,-118.4263,306.1,1.1,1,18-11-2000,"1852",Terra,MODIS,"47",6.2,292.1,4.6,D,"0","4","9","06","01779778","06",CA,California,"00",G4000,A,"403501101370","20466718403","+37.1551773","-119.5434183"
37.8748,-121.4347,316.1,1.5,1.2,19-11-2000,"1934",Terra,MODIS,"76",6.2,292.2,24.5,D,"0","4","9","06","01779778","06",CA,California,"00",G4000,A,"403501101370","20466718403","+37.1551773","-119.5434183"
37.8717,-121.4183,330,1.5,1.2,19-11-2000,"1934",Terra,MODIS,"87",6.2,291.7,50.8,D,"0","4","9","06","01779778","06",CA,California,"00",G4000,A,"403501101370","20466718403","+37.1551773","-119.5434183"
35.5862,-119.2465,302.1,2.3,1.5,19-11-2000,"1935",Terra,MODIS,"46",6.2,290.5,12.9,D,"0","4","9","06","01779778","06",CA,California,"00",G4000,A,"403501101370","20466718403","+37.1551773","-119.5434183"
35.5886,-119.2525,303.3,2.3,1.5,19-11-2000,"1935",Terra,MODIS,"47",6.2,290.2,13.9,D,"0","4","9","06","01779778","06",CA,California,"00",G4000,A,"403501101370","20466718403","+37.1551773","-119.5434183"
41.3482,-123.8301,309.2,1.1,1,20-11-2000,"639",Terra,MODIS,"77",6.2,278,15.4,N,"0","4","9","06","01779778","06",CA,California,"00",G4000,A,"403501101370","20466718403","+37.1551773","-119.5434183"
38.9392,-120.4252,302.3,2.1,1.4,20-11-2000,"1839",Terra,MODIS,"52",6.2,279.2,24,D,"0","4","9","06","01779778","06",CA,California,"00",G4000,A,"403501101370","20466718403","+37.1551773","-119.5434183"
38.4556,-120.3501,330.5,2.1,1.4,20-11-2000,"1839",Terra,MODIS,"87",6.2,284.9,93.6,D,"0","4","9","06","01779778","06",CA,California,"00",G4000,A,"403501101370","20466718403","+37.1551773","-119.5434183"
36.3618,-119.1109,307.5,1.6,1.3,20-11-2000,"1840",Terra,MODIS,"61",6.2,287.4,17.6,D,"0","4","9","06","01779778","06",CA,California,"00",G4000,A,"403501101370","20466718403","+37.1551773","-119.5434183"
36.2337,-119.3242,324.8,1.7,1.3,20-11-2000,"1840",Terra,MODIS,"83",6.2,281.5,51.3,D,"0","4","9","06","01779778","06",CA,California,"00",G4000,A,"403501101370","20466718403","+37.1551773","-119.5434183"
36.2319,-119.3054,300.8,1.7,1.3,20-11-2000,"1840",Terra,MODIS,"29",6.2,278.7,11.3,D,"0","4","9","06","01779778","06",CA,California,"00",G4000,A,"403501101370","20466718403","+37.1551773","-119.5434183"
35.0071,-114.6409,316.5,1,1,20-11-2000,"1840",Terra,MODIS,"76",6.2,292.6,12.1,D,"0","4","9","06","01779778","06",CA,California,"00",G4000,A,"403501101370","20466718403","+37.1551773","-119.5434183"
34.9981,-114.6427,369,1,1,20-11-2000,"1840",Terra,MODIS,"100",6.2,296,113.5,D,"0","4","9","06","01779778","06",CA,California,"00",G4000,A,"403501101370","20466718403","+37.1551773","-119.5434183"
34.9966,-114.6316,309,1,1,20-11-2000,"1840",Terra,MODIS,"45",6.2,291.9,6.5,D,"0","4","9","06","01779778","06",CA,California,"00",G4000,A,"403501101370","20466718403","+37.1551773","-119.5434183"
33.5656,-114.6081,320.6,1,1,20-11-2000,"1840",Terra,MODIS,"80",6.2,290.2,18.2,D,"0","4","9","06","01779778","06",CA,California,"00",G4000,A,"403501101370","20466718403","+37.1551773","-119.5434183"
41.3173,-120.9879,318.6,1,1,21-11-2000,"1921",Terra,MODIS,"79",6.2,276.1,21.4,D,"0","4","9","06","01779778","06",CA,California,"00",G4000,A,"403501101370","20466718403","+37.1551773","-119.5434183"
40.7126,-120.8121,305.5,1.1,1,21-11-2000,"1921",Terra,MODIS,"61",6.2,275.5,11.9,D,"0","4","9","06","01779778","06",CA,California,"00",G4000,A,"403501101370","20466718403","+37.1551773","-119.5434183"
40.0295,-120.3334,304.4,1.1,1.1,21-11-2000,"1922",Terra,MODIS,"30",6.2,275.7,10.2,D,"0","4","9","06","01779778","06",CA,California,"00",G4000,A,"403501101370","20466718403","+37.1551773","-119.5434183"
40.0246,-120.3614,310.6,1.1,1,21-11-2000,"1922",Terra,MODIS,"64",6.2,277,14.7,D,"0","4","9","06","01779778","06",CA,California,"00",G4000,A,"403501101370","20466718403","+37.1551773","-119.5434183"
38.9365,-120.6971,303.5,1.1,1.1,21-11-2000,"1922",Terra,MODIS,"56",6.2,273.6,11.2,D,"0","4","9","06","01779778","06",CA,California,"00",G4000,A,"403501101370","20466718403","+37.1551773","-119.5434183"
38.4249,-120.7405,313.7,1.1,1.1,21-11-2000,"1922",Terra,MODIS,"64",6.2,275,17,D,"0","4","9","06","01779778","06",CA,California,"00",G4000,A,"403501101370","20466718403","+37.1551773","-119.5434183"
36.6254,-119.971,307.7,1.3,1.1,21-11-2000,"1922",Terra,MODIS,"61",6.2,287.5,10.8,D,"0","4","9","06","01779778","06",CA,California,"00",G4000,A,"403501101370","20466718403","+37.1551773","-119.5434183"
36.2633,-119.2509,304.5,1.4,1.2,21-11-2000,"1922",Terra,MODIS,"59",6.2,288.3,9.4,D,"0","4","9","06","01779778","06",CA,California,"00",G4000,A,"403501101370","20466718403","+37.1551773","-119.5434183"
35.851,-119.1632,314.7,1.5,1.2,21-11-2000,"1923",Terra,MODIS,"75",6.2,286.1,23.8,D,"0","4","9","06","01779778","06",CA,California,"00",G4000,A,"403501101370","20466718403","+37.1551773","-119.5434183"
35.8581,-119.1669,301.4,1.5,1.2,21-11-2000,"1923",Terra,MODIS,"47",6.2,285,8.1,D,"0","4","9","06","01779778","06",CA,California,"00",G4000,A,"403501101370","20466718403","+37.1551773","-119.5434183"
35.8552,-119.1511,300,1.5,1.2,21-11-2000,"1923",Terra,MODIS,"15",6.2,286.4,7,D,"0","4","9","06","01779778","06",CA,California,"00",G4000,A,"403501101370","20466718403","+37.1551773","-119.5434183"
35.6799,-119.9505,304,1.3,1.1,21-11-2000,"1923",Terra,MODIS,"36",6.2,292.3,5.9,D,"0","4","9","06","01779778","06",CA,California,"00",G4000,A,"403501101370","20466718403","+37.1551773","-119.5434183"
35.6772,-119.936,326.2,1.3,1.1,21-11-2000,"1923",Terra,MODIS,"84",6.2,292.3,34.9,D,"0","4","9","06","01779778","06",CA,California,"00",G4000,A,"403501101370","20466718403","+37.1551773","-119.5434183"
40.4222,-124.1616,301.1,2.5,1.5,22-11-2000,"2004",Terra,MODIS,"41",6.2,283.8,22.9,D,"0","4","9","06","01779778","06",CA,California,"00",G4000,A,"403501101370","20466718403","+37.1551773","-119.5434183"
34.8049,-118.4137,314.7,1,1,25-11-2000,"1858",Terra,MODIS,"71",6.2,296,9,D,"0","4","9","06","01779778","06",CA,California,"00",G4000,A,"403501101370","20466718403","+37.1551773","-119.5434183"
34.0897,-117.5266,311.3,1,1,25-11-2000,"1858",Terra,MODIS,"64",6.2,299.8,4.3,D,"0","4","9","06","01779778","06",CA,California,"00",G4000,A,"403501101370","20466718403","+37.1551773","-119.5434183"
34.6043,-117.3403,302.3,1.1,1,27-11-2000,"1846",Terra,MODIS,"35",6.2,286.5,3.7,D,"0","4","9","06","01779778","06",CA,California,"00",G4000,A,"403501101370","20466718403","+37.1551773","-119.5434183"
34.4234,-118.9196,309.1,1.3,1.1,27-11-2000,"1846",Terra,MODIS,"56",6.2,283.4,10.2,D,"0","4","9","06","01779778","06",CA,California,"00",G4000,A,"403501101370","20466718403","+37.1551773","-119.5434183"
34.0972,-117.5319,309,1.1,1,27-11-2000,"1846",Terra,MODIS,"47",6.2,293.1,5.2,D,"0","4","9","06","01779778","06",CA,California,"00",G4000,A,"403501101370","20466718403","+37.1551773","-119.5434183"
33.5563,-116.1941,316.3,1,1,27-11-2000,"1846",Terra,MODIS,"70",6.2,298.8,10.5,D,"0","4","9","06","01779778","06",CA,California,"00",G4000,A,"403501101370","20466718403","+37.1551773","-119.5434183"
32.6982,-115.1856,319.3,1,1,27-11-2000,"1846",Terra,MODIS,"73",6.2,297,11.5,D,"0","4","9","06","01779778","06",CA,California,"00",G4000,A,"403501101370","20466718403","+37.1551773","-119.5434183"
40.436,-120.7725,309,1.2,1.1,28-11-2000,"1927",Terra,MODIS,"68",6.2,270.3,16.9,D,"0","4","9","06","01779778","06",CA,California,"00",G4000,A,"403501101370","20466718403","+37.1551773","-119.5434183"
40.5941,-123.2157,301.4,1,1,28-11-2000,"1927",Terra,MODIS,"41",6.2,271.9,7.5,D,"0","4","9","06","01779778","06",CA,California,"00",G4000,A,"403501101370","20466718403","+37.1551773","-119.5434183"
40.5852,-123.2181,313,1,1,28-11-2000,"1927",Terra,MODIS,"73",6.2,271.4,15.2,D,"0","4","9","06","01779778","06",CA,California,"00",G4000,A,"403501101370","20466718403","+37.1551773","-119.5434183"
39.4121,-120.1645,301.9,1.3,1.1,28-11-2000,"1928",Terra,MODIS,"50",6.2,281.2,11.2,D,"0","4","9","06","01779778","06",CA,California,"00",G4000,A,"403501101370","20466718403","+37.1551773","-119.5434183"
39.4213,-120.9505,323.4,1.2,1.1,28-11-2000,"1928",Terra,MODIS,"82",6.2,284.1,31.1,D,"0","4","9","06","01779778","06",CA,California,"00",G4000,A,"403501101370","20466718403","+37.1551773","-119.5434183"
39.5506,-122.8397,310.6,1,1,28-11-2000,"1928",Terra,MODIS,"70",6.2,276.5,13.3,D,"0","4","9","06","01779778","06",CA,California,"00",G4000,A,"403501101370","20466718403","+37.1551773","-119.5434183"
39.54,-122.8235,309.4,1.1,1,28-11-2000,"1928",Terra,MODIS,"69",6.2,274.7,13.9,D,"0","4","9","06","01779778","06",CA,California,"00",G4000,A,"403501101370","20466718403","+37.1551773","-119.5434183"
39.538,-122.8113,303.9,1.1,1,28-11-2000,"1928",Terra,MODIS,"57",6.2,271.5,10.2,D,"0","4","9","06","01779778","06",CA,California,"00",G4000,A,"403501101370","20466718403","+37.1551773","-119.5434183"
38.8322,-120.5062,301.5,1.3,1.1,28-11-2000,"1928",Terra,MODIS,"38",6.2,282.6,7.9,D,"0","4","9","06","01779778","06",CA,California,"00",G4000,A,"403501101370","20466718403","+37.1551773","-119.5434183"
38.8295,-120.4916,326.6,1.3,1.1,28-11-2000,"1928",Terra,MODIS,"84",6.2,283.6,39.7,D,"0","4","9","06","01779778","06",CA,California,"00",G4000,A,"403501101370","20466718403","+37.1551773","-119.5434183"
38.8268,-120.4772,317.1,1.3,1.1,28-11-2000,"1928",Terra,MODIS,"77",6.2,282.6,24.7,D,"0","4","9","06","01779778","06",CA,California,"00",G4000,A,"403501101370","20466718403","+37.1551773","-119.5434183"
38.5292,-120.3819,309.3,1.3,1.2,28-11-2000,"1928",Terra,MODIS,"68",6.2,287.3,16.4,D,"0","4","9","06","01779778","06",CA,California,"00",G4000,A,"403501101370","20466718403","+37.1551773","-119.5434183"
39.0726,-123.6182,300.8,1,1,28-11-2000,"1928",Terra,MODIS,"42",6.2,281.2,5.8,D,"0","4","9","06","01779778","06",CA,California,"00",G4000,A,"403501101370","20466718403","+37.1551773","-119.5434183"
39.0564,-123.5742,303.9,1,1,28-11-2000,"1928",Terra,MODIS,"57",6.2,278.9,7.8,D,"0","4","9","06","01779778","06",CA,California,"00",G4000,A,"403501101370","20466718403","+37.1551773","-119.5434183"
38.4925,-120.4698,306.3,1.3,1.1,28-11-2000,"1928",Terra,MODIS,"63",6.2,287.2,12.9,D,"0","4","9","06","01779778","06",CA,California,"00",G4000,A,"403501101370","20466718403","+37.1551773","-119.5434183"
38.4486,-120.565,310.8,1.3,1.1,28-11-2000,"1928",Terra,MODIS,"70",6.2,284.9,17.5,D,"0","4","9","06","01779778","06",CA,California,"00",G4000,A,"403501101370","20466718403","+37.1551773","-119.5434183"
38.2349,-120.2477,303.6,1.4,1.2,28-11-2000,"1928",Terra,MODIS,"56",6.2,287.4,11.2,D,"0","4","9","06","01779778","06",CA,California,"00",G4000,A,"403501101370","20466718403","+37.1551773","-119.5434183"
34.3761,-118.9969,310.3,2,1.4,28-11-2000,"1929",Terra,MODIS,"64",6.2,295,18.5,D,"0","4","9","06","01779778","06",CA,California,"00",G4000,A,"403501101370","20466718403","+37.1551773","-119.5434183"
34.3716,-118.9757,323.1,2,1.4,28-11-2000,"1929",Terra,MODIS,"80",6.2,295.3,50.3,D,"0","4","9","06","01779778","06",CA,California,"00",G4000,A,"403501101370","20466718403","+37.1551773","-119.5434183"
36.275,-120.2395,302.4,2.5,1.5,29-11-2000,"1833",Terra,MODIS,"22",6.2,287.5,14.1,D,"0","4","9","06","01779778","06",CA,California,"00",G4000,A,"403501101370","20466718403","+37.1551773","-119.5434183"
35.6761,-119.9485,310.4,2.3,1.5,29-11-2000,"1833",Terra,MODIS,"70",6.2,290.9,29,D,"0","4","9","06","01779778","06",CA,California,"00",G4000,A,"403501101370","20466718403","+37.1551773","-119.5434183"
40.3354,-122.3064,303.9,1,1,30-11-2000,"1915",Terra,MODIS,"57",6.2,282,7.9,D,"0","4","9","06","01779778","06",CA,California,"00",G4000,A,"403501101370","20466718403","+37.1551773","-119.5434183"
39.5927,-121.2437,322.6,1,1,30-11-2000,"1915",Terra,MODIS,"82",6.2,278.5,23.8,D,"0","4","9","06","01779778","06",CA,California,"00",G4000,A,"403501101370","20466718403","+37.1551773","-119.5434183"
39.7299,-122.2593,302.9,1,1,30-11-2000,"1915",Terra,MODIS,"54",6.2,283.6,6.7,D,"0","4","9","06","01779778","06",CA,California,"00",G4000,A,"403501101370","20466718403","+37.1551773","-119.5434183"
39.466,-121.1382,303.6,1,1,30-11-2000,"1915",Terra,MODIS,"0",6.2,281.2,8.5,D,"0","4","9","06","01779778","06",CA,California,"00",G4000,A,"403501101370","20466718403","+37.1551773","-119.5434183"
39.1814,-123.6546,300.6,1.1,1,30-11-2000,"1915",Terra,MODIS,"39",6.2,277.1,8,D,"0","4","9","06","01779778","06",CA,California,"00",G4000,A,"403501101370","20466718403","+37.1551773","-119.5434183"
38.5741,-120.4577,309.2,1,1,30-11-2000,"1915",Terra,MODIS,"68",6.2,281.1,13,D,"0","4","9","06","01779778","06",CA,California,"00",G4000,A,"403501101370","20466718403","+37.1551773","-119.5434183"
34.4743,-119.2863,301.5,1.3,1.1,30-11-2000,"1916",Terra,MODIS,"44",6.2,290.8,5.3,D,"0","4","9","06","01779778","06",CA,California,"00",G4000,A,"403501101370","20466718403","+37.1551773","-119.5434183"
39.5286,-121.4168,300.6,1.2,1.1,02-12-2000,"1903",Terra,MODIS,"23",6.2,282.9,6.7,D,"0","4","9","06","01779778","06",CA,California,"00",G4000,A,"403501101370","20466718403","+37.1551773","-119.5434183"
39.5191,-121.4186,313.6,1.2,1.1,02-12-2000,"1903",Terra,MODIS,"70",6.2,282.8,17.8,D,"0","4","9","06","01779778","06",CA,California,"00",G4000,A,"403501101370","20466718403","+37.1551773","-119.5434183"
39.4834,-121.1274,312.9,1.1,1.1,02-12-2000,"1903",Terra,MODIS,"64",6.2,283,16.7,D,"0","4","9","06","01779778","06",CA,California,"00",G4000,A,"403501101370","20466718403","+37.1551773","-119.5434183"
39.4818,-121.1146,300.7,1.1,1.1,02-12-2000,"1903",Terra,MODIS,"41",6.2,283.4,7.3,D,"0","4","9","06","01779778","06",CA,California,"00",G4000,A,"403501101370","20466718403","+37.1551773","-119.5434183"
34.6049,-117.3409,306,1.1,1.1,02-12-2000,"1904",Terra,MODIS,"52",6.2,293.9,4.6,D,"0","4","9","06","01779778","06",CA,California,"00",G4000,A,"403501101370","20466718403","+37.1551773","-119.5434183"
34.095,-117.5294,309.6,1.1,1.1,02-12-2000,"1904",Terra,MODIS,"64",6.2,296.7,4.9,D,"2","4","9","06","01779778","06",CA,California,"00",G4000,A,"403501101370","20466718403","+37.1551773","-119.5434183"
34.5273,-120.4408,357,1,1,02-12-2000,"1904",Terra,MODIS,"98",6.2,297.9,76.8,D,"0","4","9","06","01779778","06",CA,California,"00",G4000,A,"403501101370","20466718403","+37.1551773","-119.5434183"
34.5258,-120.43,327.5,1,1,02-12-2000,"1904",Terra,MODIS,"85",6.2,297.5,23.7,D,"0","4","9","06","01779778","06",CA,California,"00",G4000,A,"403501101370","20466718403","+37.1551773","-119.5434183"
38.5189,-120.3863,316.9,1.1,1.1,07-12-2000,"1921",Terra,MODIS,"50",6.2,270.3,22.7,D,"0","4","9","06","01779778","06",CA,California,"00",G4000,A,"403501101370","20466718403","+37.1551773","-119.5434183"
36.9826,-120.6379,302.7,3.4,1.7,08-12-2000,"1826",Terra,MODIS,"43",6.2,285.6,31.8,D,"0","4","9","06","01779778","06",CA,California,"00",G4000,A,"403501101370","20466718403","+37.1551773","-119.5434183"
41.056,-124.0452,307.1,2.4,1.5,08-12-2000,"2003",Terra,MODIS,"65",6.2,282.6,34,D,"0","4","9","06","01779778","06",CA,California,"00",G4000,A,"403501101370","20466718403","+37.1551773","-119.5434183"
40.3136,-123.6686,308.5,2.7,1.6,08-12-2000,"2004",Terra,MODIS,"67",6.2,283.6,44.2,D,"0","4","9","06","01779778","06",CA,California,"00",G4000,A,"403501101370","20466718403","+37.1551773","-119.5434183"
40.3089,-123.6761,306.5,2.7,1.6,08-12-2000,"2004",Terra,MODIS,"64",6.2,283.6,36.6,D,"0","4","9","06","01779778","06",CA,California,"00",G4000,A,"403501101370","20466718403","+37.1551773","-119.5434183"
39.6172,-123.6572,305.4,2.8,1.6,08-12-2000,"2004",Terra,MODIS,"61",6.2,283.2,39.1,D,"0","4","9","06","01779778","06",CA,California,"00",G4000,A,"403501101370","20466718403","+37.1551773","-119.5434183"
39.6146,-123.665,306.4,2.8,1.6,08-12-2000,"2004",Terra,MODIS,"63",6.2,283.2,41.9,D,"0","4","9","06","01779778","06",CA,California,"00",G4000,A,"403501101370","20466718403","+37.1551773","-119.5434183"
37.7647,-120.8918,305.1,1,1,09-12-2000,"1909",Terra,MODIS,"61",6.2,287,6.9,D,"0","4","9","06","01779778","06",CA,California,"00",G4000,A,"403501101370","20466718403","+37.1551773","-119.5434183"
36.6641,-119.4744,300.9,1,1,09-12-2000,"1909",Terra,MODIS,"42",6.2,288.1,3.9,D,"0","4","9","06","01779778","06",CA,California,"00",G4000,A,"403501101370","20466718403","+37.1551773","-119.5434183"
36.6336,-119.5169,300.3,1,1,09-12-2000,"1910",Terra,MODIS,"26",6.2,287,3.7,D,"0","4","9","06","01779778","06",CA,California,"00",G4000,A,"403501101370","20466718403","+37.1551773","-119.5434183"
36.545,-119.2494,300.7,1,1,09-12-2000,"1910",Terra,MODIS,"41",6.2,287.2,4.2,D,"0","4","9","06","01779778","06",CA,California,"00",G4000,A,"403501101370","20466718403","+37.1551773","-119.5434183"
36.5125,-119.2809,314.8,1,1,09-12-2000,"1910",Terra,MODIS,"75",6.2,288,13.8,D,"0","4","9","06","01779778","06",CA,California,"00",G4000,A,"403501101370","20466718403","+37.1551773","-119.5434183"
36.5758,-119.8571,302.3,1,1,09-12-2000,"1910",Terra,MODIS,"52",6.2,288.3,4.1,D,"0","4","9","06","01779778","06",CA,California,"00",G4000,A,"403501101370","20466718403","+37.1551773","-119.5434183"
36.5628,-119.9525,302.8,1,1,09-12-2000,"1910",Terra,MODIS,"52",6.2,286.7,5.2,D,"0","4","9","06","01779778","06",CA,California,"00",G4000,A,"403501101370","20466718403","+37.1551773","-119.5434183"
36.5539,-119.9546,301.4,1,1,09-12-2000,"1910",Terra,MODIS,"41",6.2,286.1,4.3,D,"0","4","9","06","01779778","06",CA,California,"00",G4000,A,"403501101370","20466718403","+37.1551773","-119.5434183"
36.4839,-119.8614,300.9,1,1,09-12-2000,"1910",Terra,MODIS,"43",6.2,287.8,3.1,D,"0","4","9","06","01779778","06",CA,California,"00",G4000,A,"403501101370","20466718403","+37.1551773","-119.5434183"
36.1241,-120.1078,311.2,1,1,09-12-2000,"1910",Terra,MODIS,"71",6.2,291.3,8.7,D,"0","4","9","06","01779778","06",CA,California,"00",G4000,A,"403501101370","20466718403","+37.1551773","-119.5434183"
35.6038,-119.2768,303.5,1.1,1,09-12-2000,"1910",Terra,MODIS,"56",6.2,273.5,7.5,D,"0","4","9","06","01779778","06",CA,California,"00",G4000,A,"403501101370","20466718403","+37.1551773","-119.5434183"
35.6019,-119.2653,319.8,1.1,1,09-12-2000,"1910",Terra,MODIS,"80",6.2,274.3,20.8,D,"0","4","9","06","01779778","06",CA,California,"00",G4000,A,"403501101370","20466718403","+37.1551773","-119.5434183"
35.1925,-118.8562,306.1,1.1,1,09-12-2000,"1910",Terra,MODIS,"63",6.2,269.4,10.6,D,"0","4","9","06","01779778","06",CA,California,"00",G4000,A,"403501101370","20466718403","+37.1551773","-119.5434183"
37.2744,-120.5427,313.1,1.2,1.1,11-12-2000,"1857",Terra,MODIS,"73",6.2,280.9,15.5,D,"0","4","9","06","01779778","06",CA,California,"00",G4000,A,"403501101370","20466718403","+37.1551773","-119.5434183"
34.6574,-120.1541,308,1.1,1,11-12-2000,"1858",Terra,MODIS,"63",6.2,271.5,12.2,D,"0","4","9","06","01779778","06",CA,California,"00",G4000,A,"403501101370","20466718403","+37.1551773","-119.5434183"
33.6601,-116.2259,309.6,1.1,1,11-12-2000,"1858",Terra,MODIS,"66",6.2,295.1,6.7,D,"0","4","9","06","01779778","06",CA,California,"00",G4000,A,"403501101370","20466718403","+37.1551773","-119.5434183"
33.2764,-117.0065,315.8,1.1,1,11-12-2000,"1858",Terra,MODIS,"75",6.2,294.3,14.1,D,"0","4","9","06","01779778","06",CA,California,"00",G4000,A,"403501101370","20466718403","+37.1551773","-119.5434183"
40.7015,-123.1024,305.1,1.3,1.1,12-12-2000,"1939",Terra,MODIS,"60",6.2,272.6,16,D,"0","4","9","06","01779778","06",CA,California,"00",G4000,A,"403501101370","20466718403","+37.1551773","-119.5434183"
39.7507,-123.8048,308.1,1.2,1.1,12-12-2000,"1939",Terra,MODIS,"67",6.2,281.9,15.4,D,"0","4","9","06","01779778","06",CA,California,"00",G4000,A,"403501101370","20466718403","+37.1551773","-119.5434183"
39.1109,-123.6519,309.8,1.3,1.1,12-12-2000,"1940",Terra,MODIS,"69",6.2,280.1,17.1,D,"0","4","9","06","01779778","06",CA,California,"00",G4000,A,"403501101370","20466718403","+37.1551773","-119.5434183"
39.1081,-123.637,328.1,1.3,1.1,12-12-2000,"1940",Terra,MODIS,"85",6.2,280.1,42.1,D,"0","4","9","06","01779778","06",CA,California,"00",G4000,A,"403501101370","20466718403","+37.1551773","-119.5434183"
39.1001,-123.5931,316.5,1.3,1.1,12-12-2000,"1940",Terra,MODIS,"77",6.2,281.3,25.2,D,"0","4","9","06","01779778","06",CA,California,"00",G4000,A,"403501101370","20466718403","+37.1551773","-119.5434183"
39.0957,-123.6261,309.8,1.3,1.1,12-12-2000,"1940",Terra,MODIS,"47",6.2,279.1,15.8,D,"0","4","9","06","01779778","06",CA,California,"00",G4000,A,"403501101370","20466718403","+37.1551773","-119.5434183"
36.2414,-119.2817,302.6,1.4,1.2,13-12-2000,"1845",Terra,MODIS,"47",6.2,280.5,9.8,D,"0","4","9","06","01779778","06",CA,California,"00",G4000,A,"403501101370","20466718403","+37.1551773","-119.5434183"
35.8248,-119.1653,300.1,1.3,1.1,13-12-2000,"1845",Terra,MODIS,"27",6.2,281.5,4,D,"0","4","9","06","01779778","06",CA,California,"00",G4000,A,"403501101370","20466718403","+37.1551773","-119.5434183"
35.6965,-119.2075,302.5,1.3,1.2,13-12-2000,"1845",Terra,MODIS,"52",6.2,287.5,6.7,D,"0","4","9","06","01779778","06",CA,California,"00",G4000,A,"403501101370","20466718403","+37.1551773","-119.5434183"
35.6861,-119.2092,303.1,1.3,1.2,13-12-2000,"1845",Terra,MODIS,"55",6.2,287.8,6.8,D,"0","4","9","06","01779778","06",CA,California,"00",G4000,A,"403501101370","20466718403","+37.1551773","-119.5434183"
35.4581,-119.6332,305.2,1.4,1.2,13-12-2000,"1845",Terra,MODIS,"61",6.2,286.7,9.5,D,"0","4","9","06","01779778","06",CA,California,"00",G4000,A,"403501101370","20466718403","+37.1551773","-119.5434183"
34.094,-117.5272,301.4,1.1,1,13-12-2000,"1846",Terra,MODIS,"42",6.2,289,2.6,D,"2","4","9","06","01779778","06",CA,California,"00",G4000,A,"403501101370","20466718403","+37.1551773","-119.5434183"
33.2762,-117.0035,308.5,1.4,1.2,15-12-2000,"1834",Terra,MODIS,"64",6.2,290.7,13.4,D,"0","4","9","06","01779778","06",CA,California,"00",G4000,A,"403501101370","20466718403","+37.1551773","-119.5434183"
39.4168,-121.1852,302.9,1.1,1.1,18-12-2000,"1903",Terra,MODIS,"54",6.2,284.6,8.3,D,"0","4","9","06","01779778","06",CA,California,"00",G4000,A,"403501101370","20466718403","+37.1551773","-119.5434183"
39.4126,-121.1919,303.2,1.1,1.1,18-12-2000,"1903",Terra,MODIS,"55",6.2,284.6,9,D,"0","4","9","06","01779778","06",CA,California,"00",G4000,A,"403501101370","20466718403","+37.1551773","-119.5434183"
38.5413,-121.802,301.4,1.2,1.1,18-12-2000,"1903",Terra,MODIS,"47",6.2,286.1,6.2,D,"0","4","9","06","01779778","06",CA,California,"00",G4000,A,"403501101370","20466718403","+37.1551773","-119.5434183"
34.6039,-117.3373,302.6,1.1,1.1,18-12-2000,"1904",Terra,MODIS,"53",6.2,290.1,4.8,D,"0","4","9","06","01779778","06",CA,California,"00",G4000,A,"403501101370","20466718403","+37.1551773","-119.5434183"
34.4609,-118.8706,324.4,1,1,18-12-2000,"1904",Terra,MODIS,"83",6.2,292.1,21.7,D,"0","4","9","06","01779778","06",CA,California,"00",G4000,A,"403501101370","20466718403","+37.1551773","-119.5434183"
34.4592,-118.8596,328.5,1,1,18-12-2000,"1904",Terra,MODIS,"86",6.2,293.6,26.8,D,"0","4","9","06","01779778","06",CA,California,"00",G4000,A,"403501101370","20466718403","+37.1551773","-119.5434183"
34.4485,-118.8503,307.9,1,1,18-12-2000,"1904",Terra,MODIS,"12",6.2,290.8,5.8,D,"0","4","9","06","01779778","06",CA,California,"00",G4000,A,"403501101370","20466718403","+37.1551773","-119.5434183"
33.9198,-116.9933,307.2,1.2,1.1,18-12-2000,"1904",Terra,MODIS,"61",6.2,288.9,8.1,D,"0","4","9","06","01779778","06",CA,California,"00",G4000,A,"403501101370","20466718403","+37.1551773","-119.5434183"
33.9177,-116.9808,305.8,1.2,1.1,18-12-2000,"1904",Terra,MODIS,"57",6.2,289.2,7,D,"0","4","9","06","01779778","06",CA,California,"00",G4000,A,"403501101370","20466718403","+37.1551773","-119.5434183"
34.5249,-120.4283,397.3,1.2,1.1,20-12-2000,"1852",Terra,MODIS,"100",6.2,305.8,325.2,D,"0","4","9","06","01779778","06",CA,California,"00",G4000,A,"403501101370","20466718403","+37.1551773","-119.5434183"
34.5233,-120.4151,343,1.2,1.1,20-12-2000,"1852",Terra,MODIS,"93",6.2,297.9,63.4,D,"0","4","9","06","01779778","06",CA,California,"00",G4000,A,"403501101370","20466718403","+37.1551773","-119.5434183"
34.515,-120.4305,308.1,1.2,1.1,20-12-2000,"1852",Terra,MODIS,"48",6.2,296.3,7.7,D,"0","4","9","06","01779778","06",CA,California,"00",G4000,A,"403501101370","20466718403","+37.1551773","-119.5434183"
34.0951,-117.531,305.4,1,1,20-12-2000,"1852",Terra,MODIS,"40",6.2,292.1,3.7,D,"2","4","9","06","01779778","06",CA,California,"00",G4000,A,"403501101370","20466718403","+37.1551773","-119.5434183"
33.5119,-117.3235,318.7,1,1,20-12-2000,"1852",Terra,MODIS,"77",6.2,293,14.9,D,"0","4","9","06","01779778","06",CA,California,"00",G4000,A,"403501101370","20466718403","+37.1551773","-119.5434183"
33.5104,-117.3129,359,1,1,20-12-2000,"1852",Terra,MODIS,"99",6.2,297.5,82,D,"0","4","9","06","01779778","06",CA,California,"00",G4000,A,"403501101370","20466718403","+37.1551773","-119.5434183"
40.3133,-120.536,322.9,1.5,1.2,21-12-2000,"1933",Terra,MODIS,"82",6.2,283.8,40.1,D,"0","4","9","06","01779778","06",CA,California,"00",G4000,A,"403501101370","20466718403","+37.1551773","-119.5434183"
40.31,-120.519,303.6,1.5,1.2,21-12-2000,"1933",Terra,MODIS,"57",6.2,283.7,12.6,D,"0","4","9","06","01779778","06",CA,California,"00",G4000,A,"403501101370","20466718403","+37.1551773","-119.5434183"
37.8779,-120.1892,313.7,1.7,1.3,21-12-2000,"1934",Terra,MODIS,"74",6.2,286.4,30.3,D,"0","4","9","06","01779778","06",CA,California,"00",G4000,A,"403501101370","20466718403","+37.1551773","-119.5434183"
36.5411,-119.308,302.3,2.1,1.4,21-12-2000,"1934",Terra,MODIS,"51",6.2,291.8,11.7,D,"0","4","9","06","01779778","06",CA,California,"00",G4000,A,"403501101370","20466718403","+37.1551773","-119.5434183"
36.4271,-119.4064,304.3,2.1,1.4,21-12-2000,"1934",Terra,MODIS,"58",6.2,290.1,13.9,D,"0","4","9","06","01779778","06",CA,California,"00",G4000,A,"403501101370","20466718403","+37.1551773","-119.5434183"
36.0336,-120.0089,332.5,2,1.4,21-12-2000,"1934",Terra,MODIS,"88",6.2,292.3,84.2,D,"0","4","9","06","01779778","06",CA,California,"00",G4000,A,"403501101370","20466718403","+37.1551773","-119.5434183"
36.029,-119.9874,308,2,1.4,21-12-2000,"1934",Terra,MODIS,"66",6.2,289.1,18.1,D,"0","4","9","06","01779778","06",CA,California,"00",G4000,A,"403501101370","20466718403","+37.1551773","-119.5434183"
36.0308,-120.0166,321.6,2,1.4,21-12-2000,"1934",Terra,MODIS,"81",6.2,292.7,48.2,D,"0","4","9","06","01779778","06",CA,California,"00",G4000,A,"403501101370","20466718403","+37.1551773","-119.5434183"
36.0264,-119.9949,318.2,2,1.4,21-12-2000,"1934",Terra,MODIS,"78",6.2,290.8,38.8,D,"0","4","9","06","01779778","06",CA,California,"00",G4000,A,"403501101370","20466718403","+37.1551773","-119.5434183"
35.6078,-119.2746,311.5,2.3,1.5,21-12-2000,"1934",Terra,MODIS,"71",6.2,294.2,27.6,D,"0","4","9","06","01779778","06",CA,California,"00",G4000,A,"403501101370","20466718403","+37.1551773","-119.5434183"
35.5855,-119.3581,314.4,2.2,1.4,21-12-2000,"1934",Terra,MODIS,"74",6.2,292.7,33.9,D,"0","4","9","06","01779778","06",CA,California,"00",G4000,A,"403501101370","20466718403","+37.1551773","-119.5434183"
35.5871,-119.3631,310.5,2.2,1.4,21-12-2000,"1934",Terra,MODIS,"69",6.2,292.4,26,D,"0","4","9","06","01779778","06",CA,California,"00",G4000,A,"403501101370","20466718403","+37.1551773","-119.5434183"
35.5319,-119.4813,309.6,2.2,1.4,21-12-2000,"1934",Terra,MODIS,"68",6.2,293.7,24.3,D,"0","4","9","06","01779778","06",CA,California,"00",G4000,A,"403501101370","20466718403","+37.1551773","-119.5434183"
35.5331,-119.4876,311.7,2.2,1.4,21-12-2000,"1934",Terra,MODIS,"70",6.2,293.9,29,D,"0","4","9","06","01779778","06",CA,California,"00",G4000,A,"403501101370","20466718403","+37.1551773","-119.5434183"
34.9126,-119.5304,309.6,2.3,1.5,21-12-2000,"1935",Terra,MODIS,"68",6.2,297,18.4,D,"0","4","9","06","01779778","06",CA,California,"00",G4000,A,"403501101370","20466718403","+37.1551773","-119.5434183"
33.7262,-116.8858,310.2,1.2,1.1,22-12-2000,"1840",Terra,MODIS,"66",6.2,292.2,9.6,D,"0","4","9","06","01779778","06",CA,California,"00",G4000,A,"403501101370","20466718403","+37.1551773","-119.5434183"
36.5469,-119.2491,310.1,1.4,1.2,23-12-2000,"1922",Terra,MODIS,"70",6.2,279.7,18.1,D,"0","4","9","06","01779778","06",CA,California,"00",G4000,A,"403501101370","20466718403","+37.1551773","-119.5434183"
36.544,-119.2338,302,1.4,1.2,23-12-2000,"1922",Terra,MODIS,"50",6.2,280,9.7,D,"0","4","9","06","01779778","06",CA,California,"00",G4000,A,"403501101370","20466718403","+37.1551773","-119.5434183"
36.393,-119.1035,308.3,1.4,1.2,23-12-2000,"1922",Terra,MODIS,"65",6.2,287.8,14.5,D,"0","4","9","06","01779778","06",CA,California,"00",G4000,A,"403501101370","20466718403","+37.1551773","-119.5434183"
36.399,-119.2228,332.7,1.4,1.2,23-12-2000,"1922",Terra,MODIS,"88",6.2,284.5,56.4,D,"0","4","9","06","01779778","06",CA,California,"00",G4000,A,"403501101370","20466718403","+37.1551773","-119.5434183"
35.5858,-119.362,313.5,1.4,1.2,23-12-2000,"1922",Terra,MODIS,"74",6.2,289,20,D,"0","4","9","06","01779778","06",CA,California,"00",G4000,A,"403501101370","20466718403","+37.1551773","-119.5434183"
35.5829,-119.3464,303.1,1.5,1.2,23-12-2000,"1922",Terra,MODIS,"55",6.2,288.7,7.9,D,"0","4","9","06","01779778","06",CA,California,"00",G4000,A,"403501101370","20466718403","+37.1551773","-119.5434183"
34.6031,-117.3396,302,1.3,1.1,25-12-2000,"1910",Terra,MODIS,"50",6.2,290,5.2,D,"0","4","9","06","01779778","06",CA,California,"00",G4000,A,"403501101370","20466718403","+37.1551773","-119.5434183"
34.3317,-119.0296,333.3,1.1,1.1,25-12-2000,"1910",Terra,MODIS,"88",6.2,290.7,37.7,D,"0","4","9","06","01779778","06",CA,California,"00",G4000,A,"403501101370","20466718403","+37.1551773","-119.5434183"
34.3298,-119.0179,321.1,1.1,1.1,25-12-2000,"1910",Terra,MODIS,"81",6.2,294.7,20.8,D,"0","4","9","06","01779778","06",CA,California,"00",G4000,A,"403501101370","20466718403","+37.1551773","-119.5434183"
34.3277,-119.0056,306.7,1.1,1.1,25-12-2000,"1910",Terra,MODIS,"52",6.2,295,7,D,"0","4","9","06","01779778","06",CA,California,"00",G4000,A,"403501101370","20466718403","+37.1551773","-119.5434183"
33.9278,-117.6049,319,1.3,1.1,25-12-2000,"1910",Terra,MODIS,"79",6.2,294.1,23.3,D,"0","4","9","06","01779778","06",CA,California,"00",G4000,A,"403501101370","20466718403","+37.1551773","-119.5434183"
33.9253,-117.591,303.5,1.3,1.1,25-12-2000,"1910",Terra,MODIS,"54",6.2,292.4,5.7,D,"0","4","9","06","01779778","06",CA,California,"00",G4000,A,"403501101370","20466718403","+37.1551773","-119.5434183"
34.6225,-117.0993,302.9,1,1,27-12-2000,"1858",Terra,MODIS,"29",6.2,290,3.9,D,"0","4","9","06","01779778","06",CA,California,"00",G4000,A,"403501101370","20466718403","+37.1551773","-119.5434183"
34.6043,-117.3365,306.5,1,1,27-12-2000,"1858",Terra,MODIS,"60",6.2,290.6,6.2,D,"0","4","9","06","01779778","06",CA,California,"00",G4000,A,"403501101370","20466718403","+37.1551773","-119.5434183"
34.0925,-117.5299,308.4,1.1,1,29-12-2000,"1846",Terra,MODIS,"60",6.2,297.6,4.2,D,"0","4","9","06","01779778","06",CA,California,"00",G4000,A,"403501101370","20466718403","+37.1551773","-119.5434183"
33.7249,-116.8928,308.2,1,1,29-12-2000,"1846",Terra,MODIS,"55",6.2,293.3,5.7,D,"0","4","9","06","01779778","06",CA,California,"00",G4000,A,"403501101370","20466718403","+37.1551773","-119.5434183"
39.0251,-122.346,303.5,1.1,1,30-12-2000,"1927",Terra,MODIS,"56",6.2,287.1,6.7,D,"0","4","9","06","01779778","06",CA,California,"00",G4000,A,"403501101370","20466718403","+37.1551773","-119.5434183"
39.023,-122.3338,301.1,1.1,1,30-12-2000,"1927",Terra,MODIS,"39",6.2,286.1,5.3,D,"0","4","9","06","01779778","06",CA,California,"00",G4000,A,"403501101370","20466718403","+37.1551773","-119.5434183"
39.0181,-122.3409,312.3,1.1,1,30-12-2000,"1927",Terra,MODIS,"72",6.2,286.7,14.2,D,"0","4","9","06","01779778","06",CA,California,"00",G4000,A,"403501101370","20466718403","+37.1551773","-119.5434183"
