Butte County, California, Precipitation
Units: Inches
Base Period: 1901-2000
Missing: -99
Date,Value,Anomaly
189501,22.24,13.51
189502,4.48,-3.13
189503,4.59,-1.75
189504,2.64,-0.60
189505,3.33,1.57
189506,0.00,-0.63
189507,0.12,0.09
189508,0.20,0.10
189509,2.90,2.25
189510,0.19,-2.20
189511,2.10,-3.25
189512,5.57,-2.01
189601,19.24,10.51
189602,0.70,-6.91
189603,7.56,1.22
189604,11.75,8.51
189605,4.10,2.34
189606,0.05,-0.58
189607,0.06,0.03
189608,0.33,0.23
189609,1.15,0.50
189610,1.49,-0.90
189611,11.08,5.73
189612,6.47,-1.11
189701,4.33,-4.40
189702,10.98,3.37
189703,7.86,1.52
189704,1.83,-1.41
189705,0.70,-1.06
189706,1.24,0.61
189707,0.00,-0.03
189708,0.06,-0.04
189709,0.56,-0.09
189710,3.68,1.29
189711,4.77,-0.58
189712,3.97,-3.61
189801,1.50,-7.23
189802,8.74,1.13
189803,0.67,-5.67
189804,1.04,-2.20
189805,3.03,1.27
189806,1.40,0.77
189807,0.01,-0.02
189808,0.01,-0.09
189809,0.39,-0.26
189810,1.66,-0.73
189811,3.07,-2.28
189812,2.29,-5.29
189901,9.57,0.84
189902,0.63,-6.98
189903,12.64,6.30
189904,1.35,-1.89
189905,2.06,0.30
189906,0.74,0.11
189907,0.00,-0.03
189908,0.38,0.28
189909,0.07,-0.58
189910,9.95,7.56
189911,8.96,3.61
189912,8.33,0.75
190001,6.90,-1.83
190002,2.39,-5.22
190003,6.46,0.12
190004,4.25,1.01
190005,1.60,-0.16
190006,0.41,-0.22
190007,0.02,-0.01
190008,0.03,-0.07
190009,0.34,-0.31
190010,6.26,3.87
190011,7.96,2.61
190012,4.32,-3.26
190101,10.64,1.91
190102,9.96,2.35
190103,2.35,-3.99
190104,5.24,2.00
190105,1.07,-0.69
190106,0.03,-0.60
190107,0.00,-0.03
190108,0.11,0.01
190109,2.48,1.83
190110,3.79,1.40
190111,5.75,0.40
190112,4.19,-3.39
190201,1.86,-6.87
190202,17.26,9.65
190203,5.77,-0.57
190204,4.17,0.93
190205,1.39,-0.37
190206,0.14,-0.49
190207,0.05,0.02
190208,0.03,-0.07
190209,0.02,-0.63
190210,4.82,2.43
190211,8.00,2.65
190212,7.33,-0.25
190301,9.88,1.15
190302,2.71,-4.90
190303,9.81,3.47
190304,1.02,-2.22
190305,0.72,-1.04
190306,0.28,-0.35
190307,0.00,-0.03
190308,0.02,-0.08
190309,0.19,-0.46
190310,1.40,-0.99
190311,14.56,9.21
190312,3.96,-3.62
190401,2.57,-6.16
190402,19.37,11.76
190403,14.41,8.07
190404,3.55,0.31
190405,0.35,-1.41
190406,0.01,-0.62
190407,0.02,-0.01
190408,0.11,0.01
190409,3.26,2.61
190410,5.42,3.03
190411,3.89,-1.46
190412,7.31,-0.27
190501,8.65,-0.08
190502,5.60,-2.01
190503,9.80,3.46
190504,2.05,-1.19
190505,3.18,1.42
190506,0.44,-0.19
190507,0.00,-0.03
190508,0.18,0.08
190509,0.34,-0.31
190510,0.11,-2.28
190511,2.81,-2.54
190512,2.53,-5.05
190601,15.46,6.73
190602,9.02,1.41
190603,16.06,9.72
190604,3.01,-0.23
190605,5.98,4.22
190606,2.38,1.75
190607,0.01,-0.02
190608,0.07,-0.03
190609,0.53,-0.12
190610,0.09,-2.30
190611,3.27,-2.08
190612,17.84,10.26
190701,10.65,1.92
190702,6.92,-0.69
190703,19.17,12.83
190704,2.58,-0.66
190705,0.99,-0.77
190706,2.09,1.46
190707,0.00,-0.03
190708,0.01,-0.09
190709,0.07,-0.58
190710,1.27,-1.12
190711,0.33,-5.02
190712,10.12,2.54
190801,8.01,-0.72
190802,6.23,-1.38
190803,2.01,-4.33
190804,0.84,-2.40
190805,4.34,2.58
190806,0.17,-0.46
190807,0.00,-0.03
190808,0.01,-0.09
190809,0.21,-0.44
190810,1.69,-0.70
190811,3.93,-1.42
190812,4.68,-2.90
190901,26.16,17.43
190902,12.05,4.44
190903,5.38,-0.96
190904,0.17,-3.07
190905,0.79,-0.97
190906,0.32,-0.31
190907,0.00,-0.03
190908,0.00,-0.10
190909,1.52,0.87
190910,2.90,0.51
190911,6.19,0.84
190912,9.66,2.08
191001,6.85,-1.88
191002,4.48,-3.13
191003,4.67,-1.67
191004,0.56,-2.68
191005,0.35,-1.41
191006,0.04,-0.59
191007,0.01,-0.02
191008,0.00,-0.10
191009,0.98,0.33
191010,1.37,-1.02
191011,2.73,-2.62
191012,3.22,-4.36
191101,22.63,13.90
191102,4.50,-3.11
191103,10.01,3.67
191104,3.60,0.36
191105,0.72,-1.04
191106,0.25,-0.38
191107,0.01,-0.02
191108,0.00,-0.10
191109,0.36,-0.29
191110,1.11,-1.28
191111,1.13,-4.22
191112,2.61,-4.97
191201,7.12,-1.61
191202,1.09,-6.52
191203,6.67,0.33
191204,3.96,0.72
191205,3.47,1.71
191206,0.54,-0.09
191207,0.03,0.00
191208,0.01,-0.09
191209,3.16,2.51
191210,1.65,-0.74
191211,6.53,1.18
191212,2.69,-4.89
191301,8.28,-0.45
191302,1.18,-6.43
191303,4.53,-1.81
191304,3.08,-0.16
191305,1.85,0.09
191306,1.02,0.39
191307,0.17,0.14
191308,0.03,-0.07
191309,0.03,-0.62
191310,0.05,-2.34
191311,11.01,5.66
191312,17.74,10.16
191401,19.10,10.37
191402,9.62,2.01
191403,1.36,-4.98
191404,3.50,0.26
191405,1.46,-0.30
191406,2.39,1.76
191407,0.00,-0.03
191408,0.00,-0.10
191409,0.01,-0.64
191410,2.48,0.09
191411,1.24,-4.11
191412,8.94,1.36
191501,14.10,5.37
191502,15.64,8.03
191503,4.76,-1.58
191504,1.69,-1.55
191505,8.65,6.89
191506,0.01,-0.62
191507,0.06,0.03
191508,0.01,-0.09
191509,0.02,-0.63
191510,0.26,-2.13
191511,3.27,-2.08
191512,11.04,3.46
191601,21.64,12.91
191602,6.23,-1.38
191603,3.30,-3.04
191604,0.67,-2.57
191605,1.97,0.21
191606,0.53,-0.10
191607,0.13,0.10
191608,0.04,-0.06
191609,0.67,0.02
191610,2.85,0.46
191611,4.14,-1.21
191612,9.03,1.45
191701,3.83,-4.90
191702,10.13,2.52
191703,2.69,-3.65
191704,4.45,1.21
191705,2.39,0.63
191706,0.00,-0.63
191707,0.01,-0.02
191708,0.04,-0.06
191709,0.60,-0.05
191710,0.01,-2.38
191711,2.25,-3.10
191712,3.26,-4.32
191801,1.33,-7.40
191802,8.24,0.63
191803,8.95,2.61
191804,2.16,-1.08
191805,0.61,-1.15
191806,0.01,-0.62
191807,0.00,-0.03
191808,0.02,-0.08
191809,3.19,2.54
191810,1.68,-0.71
191811,3.67,-1.68
191812,2.87,-4.71
191901,5.27,-3.46
191902,13.82,6.21
191903,5.14,-1.20
191904,1.58,-1.66
191905,0.13,-1.63
191906,0.00,-0.63
191907,0.00,-0.03
191908,0.00,-0.10
191909,1.11,0.46
191910,1.10,-1.29
191911,1.17,-4.18
191912,6.08,-1.50
192001,0.87,-7.86
192002,3.65,-3.96
192003,8.84,2.50
192004,4.25,1.01
192005,0.06,-1.70
192006,0.54,-0.09
192007,0.04,0.01
192008,0.20,0.10
192009,0.20,-0.45
192010,3.66,1.27
192011,14.95,9.60
192012,12.57,4.99
192101,13.12,4.39
192102,3.31,-4.30
192103,4.37,-1.97
192104,0.92,-2.32
192105,2.26,0.50
192106,0.29,-0.34
192107,0.00,-0.03
192108,0.00,-0.10
192109,0.04,-0.61
192110,1.31,-1.08
192111,3.41,-1.94
192112,11.98,4.40
192201,3.82,-4.91
192202,11.58,3.97
192203,5.77,-0.57
192204,0.93,-2.31
192205,2.36,0.60
192206,0.09,-0.54
192207,0.01,-0.02
192208,0.03,-0.07
192209,0.01,-0.64
192210,3.49,1.10
192211,5.59,0.24
192212,14.20,6.62
192301,5.19,-3.54
192302,1.67,-5.94
192303,0.33,-6.01
192304,6.00,2.76
192305,0.82,-0.94
192306,1.56,0.93
192307,0.03,0.00
192308,0.09,-0.01
192309,2.29,1.64
192310,1.24,-1.15
192311,1.04,-4.31
192312,2.28,-5.30
192401,4.05,-4.68
192402,6.43,-1.18
192403,2.53,-3.81
192404,0.94,-2.30
192405,0.05,-1.71
192406,0.02,-0.61
192407,0.00,-0.03
192408,0.08,-0.02
192409,0.04,-0.61
192410,6.07,3.68
192411,3.64,-1.71
192412,9.14,1.56
192501,2.19,-6.54
192502,12.60,4.99
192503,4.25,-2.09
192504,3.88,0.64
192505,2.18,0.42
192506,1.04,0.41
192507,0.00,-0.03
192508,0.17,0.07
192509,1.09,0.44
192510,1.24,-1.15
192511,3.22,-2.13
192512,3.45,-4.13
192601,7.00,-1.73
192602,12.29,4.68
192603,0.26,-6.08
192604,10.06,6.82
192605,1.54,-0.22
192606,0.01,-0.62
192607,0.03,0.00
192608,0.08,-0.02
192609,0.03,-0.62
192610,2.71,0.32
192611,13.90,8.55
192612,2.55,-5.03
192701,7.44,-1.29
192702,13.16,5.55
192703,3.85,-2.49
192704,4.56,1.32
192705,1.54,-0.22
192706,0.61,-0.02
192707,0.00,-0.03
192708,0.01,-0.09
192709,0.04,-0.61
192710,2.88,0.49
192711,9.69,4.34
192712,6.15,-1.43
192801,3.69,-5.04
192802,5.24,-2.37
192803,11.14,4.80
192804,2.27,-0.97
192805,0.05,-1.71
192806,0.13,-0.50
192807,0.01,-0.02
192808,0.00,-0.10
192809,0.04,-0.61
192810,0.54,-1.85
192811,6.11,0.76
192812,6.52,-1.06
192901,2.48,-6.25
192902,4.58,-3.03
192903,3.11,-3.23
192904,2.61,-0.63
192905,0.09,-1.67
192906,2.40,1.77
192907,0.00,-0.03
192908,0.00,-0.10
192909,0.00,-0.65
192910,0.33,-2.06
192911,0.00,-5.35
192912,18.48,10.90
193001,9.36,0.63
193002,4.59,-3.02
193003,4.71,-1.63
193004,2.81,-0.43
193005,2.79,1.03
193006,0.00,-0.63
193007,0.00,-0.03
193008,0.00,-0.10
193009,1.00,0.35
193010,0.47,-1.92
193011,3.11,-2.24
193012,1.18,-6.40
193101,6.48,-2.25
193102,3.65,-3.96
193103,2.65,-3.69
193104,1.33,-1.91
193105,1.93,0.17
193106,1.23,0.60
193107,0.00,-0.03
193108,0.00,-0.10
193109,0.44,-0.21
193110,2.31,-0.08
193111,4.27,-1.08
193112,15.79,8.21
193201,4.04,-4.69
193202,2.18,-5.43
193203,1.61,-4.73
193204,3.78,0.54
193205,4.23,2.47
193206,0.13,-0.50
193207,0.01,-0.02
193208,0.02,-0.08
193209,0.00,-0.65
193210,0.14,-2.25
193211,1.66,-3.69
193212,5.44,-2.14
193301,9.42,0.69
193302,1.60,-6.01
193303,5.34,-1.00
193304,0.54,-2.70
193305,3.01,1.25
193306,0.01,-0.62
193307,0.05,0.02
193308,0.00,-0.10
193309,0.25,-0.40
193310,3.26,0.87
193311,0.01,-5.34
193312,13.51,5.93
193401,2.97,-5.76
193402,7.13,-0.48
193403,2.62,-3.72
193404,1.30,-1.94
193405,1.16,-0.60
193406,1.07,0.44
193407,0.00,-0.03
193408,0.01,-0.09
193409,0.28,-0.37
193410,2.80,0.41
193411,8.09,2.74
193412,5.39,-2.19
193501,10.06,1.33
193502,4.78,-2.83
193503,7.35,1.01
193504,8.77,5.53
193505,0.46,-1.30
193506,0.00,-0.63
193507,0.00,-0.03
193508,0.00,-0.10
193509,0.30,-0.35
193510,2.07,-0.32
193511,2.10,-3.25
193512,5.72,-1.86
193601,11.83,3.10
193602,15.48,7.87
193603,3.21,-3.13
193604,3.84,0.60
193605,1.94,0.18
193606,1.75,1.12
193607,0.08,0.05
193608,0.01,-0.09
193609,0.42,-0.23
193610,0.39,-2.00
193611,0.03,-5.32
193612,5.39,-2.19
193701,6.63,-2.10
193702,11.86,4.25
193703,11.86,5.52
193704,2.99,-0.25
193705,0.21,-1.55
193706,1.94,1.31
193707,0.00,-0.03
193708,0.00,-0.10
193709,0.00,-0.65
193710,3.56,1.17
193711,11.44,6.09
193712,11.51,3.93
193801,7.16,-1.57
193802,18.65,11.04
193803,11.88,5.54
193804,4.15,0.91
193805,0.65,-1.11
193806,0.04,-0.59
193807,0.00,-0.03
193808,0.00,-0.10
193809,1.15,0.50
193810,3.67,1.28
193811,2.04,-3.31
193812,2.52,-5.06
193901,4.29,-4.44
193902,2.27,-5.34
193903,5.17,-1.17
193904,0.48,-2.76
193905,3.00,1.24
193906,0.18,-0.45
193907,0.01,-0.02
193908,0.00,-0.10
193909,0.83,0.18
193910,2.19,-0.20
193911,0.45,-4.90
193912,5.14,-2.44
194001,17.00,8.27
194002,16.23,8.62
194003,11.98,5.64
194004,1.14,-2.10
194005,2.24,0.48
194006,0.23,-0.40
194007,0.00,-0.03
194008,0.00,-0.10
194009,0.30,-0.35
194010,3.57,1.18
194011,3.70,-1.65
194012,17.72,10.14
194101,13.81,5.08
194102,13.48,5.87
194103,6.39,0.05
194104,7.21,3.97
194105,2.82,1.06
194106,0.50,-0.13
194107,0.03,0.00
194108,0.00,-0.10
194109,0.36,-0.29
194110,1.94,-0.45
194111,5.02,-0.33
194112,18.28,10.70
194201,9.02,0.29
194202,10.69,3.08
194203,2.86,-3.48
194204,9.47,6.23
194205,4.55,2.79
194206,0.03,-0.60
194207,0.00,-0.03
194208,0.00,-0.10
194209,0.05,-0.60
194210,0.50,-1.89
194211,6.97,1.62
194212,8.55,0.97
194301,14.19,5.46
194302,3.32,-4.29
194303,7.76,1.42
194304,4.15,0.91
194305,0.70,-1.06
194306,1.11,0.48
194307,0.06,0.03
194308,0.00,-0.10
194309,0.00,-0.65
194310,1.01,-1.38
194311,2.65,-2.70
194312,4.51,-3.07
194401,6.33,-2.40
194402,10.75,3.14
194403,3.88,-2.46
194404,3.76,0.52
194405,1.68,-0.08
194406,0.82,0.19
194407,0.01,-0.02
194408,0.00,-0.10
194409,0.02,-0.63
194410,3.40,1.01
194411,8.90,3.55
194412,7.10,-0.48
194501,2.72,-6.01
194502,9.66,2.05
194503,7.30,0.96
194504,0.81,-2.43
194505,3.00,1.24
194506,0.74,0.11
194507,0.00,-0.03
194508,0.00,-0.10
194509,0.05,-0.60
194510,5.38,2.99
194511,7.00,1.65
194512,16.10,8.52
194601,2.34,-6.39
194602,3.93,-3.68
194603,3.90,-2.44
194604,0.29,-2.95
194605,1.01,-0.75
194606,0.00,-0.63
194607,0.15,0.12
194608,0.00,-0.10
194609,0.32,-0.33
194610,1.11,-1.28
194611,6.27,0.92
194612,5.96,-1.62
194701,1.20,-7.53
194702,5.73,-1.88
194703,7.82,1.48
194704,1.91,-1.33
194705,0.76,-1.00
194706,1.75,1.12
194707,0.00,-0.03
194708,0.20,0.10
194709,0.06,-0.59
194710,7.90,5.51
194711,2.37,-2.98
194712,2.08,-5.50
194801,5.74,-2.99
194802,2.68,-4.93
194803,9.20,2.86
194804,11.60,8.36
194805,3.66,1.90
194806,1.02,0.39
194807,0.00,-0.03
194808,0.01,-0.09
194809,0.29,-0.36
194810,0.82,-1.57
194811,3.80,-1.55
194812,7.37,-0.21
194901,1.93,-6.80
194902,4.89,-2.72
194903,11.23,4.89
194904,0.17,-3.07
194905,1.94,0.18
194906,0.02,-0.61
194907,0.04,0.01
194908,0.08,-0.02
194909,0.06,-0.59
194910,0.11,-2.28
194911,2.43,-2.92
194912,3.23,-4.35
195001,12.33,3.60
195002,8.51,0.90
195003,5.39,-0.95
195004,3.11,-0.13
195005,1.92,0.16
195006,0.24,-0.39
195007,0.01,-0.02
195008,0.15,0.05
195009,0.50,-0.15
195010,6.92,4.53
195011,10.87,5.52
195012,10.79,3.21
195101,9.34,0.61
195102,6.40,-1.21
195103,2.59,-3.75
195104,1.99,-1.25
195105,2.57,0.81
195106,0.01,-0.62
195107,0.00,-0.03
195108,0.03,-0.07
195109,0.03,-0.62
195110,4.41,2.02
195111,8.32,2.97
195112,14.95,7.37
195201,16.01,7.28
195202,7.22,-0.39
195203,8.65,2.31
195204,2.14,-1.10
195205,1.30,-0.46
195206,1.45,0.82
195207,0.14,0.11
195208,0.00,-0.10
195209,0.10,-0.55
195210,0.37,-2.02
195211,2.95,-2.40
195212,16.02,8.44
195301,11.58,2.85
195302,0.35,-7.26
195303,5.73,-0.61
195304,5.87,2.63
195305,3.08,1.32
195306,1.06,0.43
195307,0.00,-0.03
195308,0.47,0.37
195309,0.01,-0.64
195310,2.32,-0.07
195311,5.91,0.56
195312,1.79,-5.79
195401,9.48,0.75
195402,7.04,-0.57
195403,7.68,1.34
195404,6.41,3.17
195405,0.12,-1.64
195406,1.29,0.66
195407,0.01,-0.02
195408,0.29,0.19
195409,0.09,-0.56
195410,0.47,-1.92
195411,6.16,0.81
195412,8.85,1.27
195501,5.24,-3.49
195502,2.59,-5.02
195503,1.15,-5.19
195504,5.86,2.62
195505,0.39,-1.37
195506,0.17,-0.46
195507,0.03,0.00
195508,0.00,-0.10
195509,0.60,-0.05
195510,1.45,-0.94
195511,5.27,-0.08
195512,25.45,17.87
195601,15.37,6.64
195602,9.18,1.57
195603,0.27,-6.07
195604,2.22,-1.02
195605,2.95,1.19
195606,0.24,-0.39
195607,0.01,-0.02
195608,0.00,-0.10
195609,0.98,0.33
195610,4.34,1.95
195611,0.13,-5.22
195612,0.69,-6.89
195701,6.29,-2.44
195702,8.50,0.89
195703,5.19,-1.15
195704,3.12,-0.12
195705,5.79,4.03
195706,0.07,-0.56
195707,0.00,-0.03
195708,0.00,-0.10
195709,2.92,2.27
195710,5.14,2.75
195711,2.45,-2.90
195712,7.51,-0.07
195801,9.46,0.73
195802,16.45,8.84
195803,10.16,3.82
195804,6.49,3.25
195805,1.73,-0.03
195806,1.86,1.23
195807,0.13,0.10
195808,0.08,-0.02
195809,0.45,-0.20
195810,0.91,-1.48
195811,1.34,-4.01
195812,2.76,-4.82
195901,10.36,1.63
195902,9.53,1.92
195903,2.14,-4.20
195904,1.09,-2.15
195905,0.84,-0.92
195906,0.03,-0.60
195907,0.00,-0.03
195908,0.27,0.17
195909,2.86,2.21
195910,0.02,-2.37
195911,0.00,-5.35
195912,2.73,-4.85
196001,10.05,1.32
196002,9.08,1.47
196003,8.05,1.71
196004,3.08,-0.16
196005,2.16,0.40
196006,0.00,-0.63
196007,0.07,0.04
196008,0.02,-0.08
196009,0.29,-0.36
196010,0.92,-1.47
196011,9.44,4.09
196012,4.06,-3.52
196101,5.20,-3.53
196102,5.20,-2.41
196103,7.05,0.71
196104,2.25,-0.99
196105,1.89,0.13
196106,0.46,-0.17
196107,0.01,-0.02
196108,0.09,-0.01
196109,0.35,-0.30
196110,0.71,-1.68
196111,5.55,0.20
196112,5.80,-1.78
196201,3.59,-5.14
196202,15.43,7.82
196203,5.64,-0.70
196204,1.11,-2.13
196205,0.91,-0.85
196206,0.40,-0.23
196207,0.01,-0.02
196208,0.25,0.15
196209,0.23,-0.42
196210,12.87,10.48
196211,2.77,-2.58
196212,6.25,-1.33
196301,6.07,-2.66
196302,4.54,-3.07
196303,7.54,1.20
196304,9.80,6.56
196305,1.83,0.07
196306,0.50,-0.13
196307,0.00,-0.03
196308,0.00,-0.10
196309,0.48,-0.17
196310,3.53,1.14
196311,9.55,4.20
196312,0.97,-6.61
196401,7.44,-1.29
196402,0.48,-7.13
196403,2.99,-3.35
196404,1.16,-2.08
196405,1.65,-0.11
196406,1.36,0.73
196407,0.02,-0.01
196408,0.02,-0.08
196409,0.76,0.11
196410,1.86,-0.53
196411,9.06,3.71
196412,17.45,9.87
196501,10.66,1.93
196502,1.56,-6.05
196503,2.67,-3.67
196504,6.56,3.32
196505,0.35,-1.41
196506,0.22,-0.41
196507,0.00,-0.03
196508,0.80,0.70
196509,0.15,-0.50
196510,0.14,-2.25
196511,10.14,4.79
196512,4.91,-2.67
196601,7.04,-1.69
196602,4.27,-3.34
196603,1.87,-4.47
196604,1.94,-1.30
196605,0.25,-1.51
196606,0.06,-0.57
196607,0.02,-0.01
196608,0.03,-0.07
196609,0.06,-0.59
196610,0.00,-2.39
196611,12.80,7.45
196612,7.92,0.34
196701,15.63,6.90
196702,0.87,-6.74
196703,8.62,2.28
196704,8.03,4.79
196705,1.01,-0.75
196706,1.94,1.31
196707,0.01,-0.02
196708,0.05,-0.05
196709,0.13,-0.52
196710,1.35,-1.04
196711,4.49,-0.86
196712,4.42,-3.16
196801,10.13,1.40
196802,6.79,-0.82
196803,4.93,-1.41
196804,0.43,-2.81
196805,1.18,-0.58
196806,0.44,-0.19
196807,0.03,0.00
196808,0.71,0.61
196809,0.06,-0.59
196810,4.13,1.74
196811,5.98,0.63
196812,10.24,2.66
196901,18.71,9.98
196902,12.58,4.97
196903,2.38,-3.96
196904,3.68,0.44
196905,0.04,-1.72
196906,0.65,0.02
196907,0.04,0.01
196908,0.00,-0.10
196909,0.00,-0.65
196910,2.77,0.38
196911,2.52,-2.83
196912,15.25,7.67
197001,21.44,12.71
197002,3.89,-3.72
197003,4.36,-1.98
197004,1.04,-2.20
197005,0.26,-1.50
197006,1.12,0.49
197007,0.01,-0.02
197008,0.00,-0.10
197009,0.01,-0.64
197010,2.81,0.42
197011,12.49,7.14
197012,11.52,3.94
197101,4.13,-4.60
197102,0.47,-7.14
197103,7.27,0.93
197104,1.48,-1.76
197105,1.72,-0.04
197106,0.81,0.18
197107,0.01,-0.02
197108,0.05,-0.05
197109,0.87,0.22
197110,0.38,-2.01
197111,3.57,-1.78
197112,7.48,-0.10
197201,3.54,-5.19
197202,3.80,-3.81
197203,1.69,-4.65
197204,3.35,0.11
197205,1.09,-0.67
197206,0.61,-0.02
197207,0.00,-0.03
197208,0.05,-0.05
197209,1.13,0.48
197210,3.82,1.43
197211,9.32,3.97
197212,5.75,-1.83
197301,16.20,7.47
197302,11.61,4.00
197303,5.35,-0.99
197304,0.39,-2.85
197305,0.50,-1.26
197306,0.15,-0.48
197307,0.04,0.01
197308,0.03,-0.07
197309,1.01,0.36
197310,4.12,1.73
197311,18.76,13.41
197312,9.07,1.49
197401,9.03,0.30
197402,4.05,-3.56
197403,14.09,7.75
197404,3.07,-0.17
197405,0.25,-1.51
197406,0.29,-0.34
197407,0.20,0.17
197408,0.03,-0.07
197409,0.00,-0.65
197410,2.36,-0.03
197411,2.35,-3.00
197412,5.44,-2.14
197501,2.61,-6.12
197502,13.24,5.63
197503,10.58,4.24
197504,3.12,-0.12
197505,0.30,-1.46
197506,0.30,-0.33
197507,0.16,0.13
197508,0.65,0.55
197509,0.11,-0.54
197510,5.10,2.71
197511,2.31,-3.04
197512,2.27,-5.31
197601,0.85,-7.88
197602,4.19,-3.42
197603,1.80,-4.54
197604,2.79,-0.45
197605,0.02,-1.74
197606,0.15,-0.48
197607,0.02,-0.01
197608,0.79,0.69
197609,0.97,0.32
197610,0.20,-2.19
197611,1.64,-3.71
197612,0.74,-6.84
197701,3.33,-5.40
197702,2.60,-5.01
197703,2.48,-3.86
197704,0.47,-2.77
197705,3.10,1.34
197706,0.09,-0.54
197707,0.07,0.04
197708,0.16,0.06
197709,2.32,1.67
197710,0.52,-1.87
197711,4.22,-1.13
197712,9.22,1.64
197801,18.36,9.63
197802,8.00,0.39
197803,10.28,3.94
197804,8.37,5.13
197805,0.72,-1.04
197806,0.19,-0.44
197807,0.10,0.07
197808,0.05,-0.05
197809,2.01,1.36
197810,0.00,-2.39
197811,3.62,-1.73
197812,2.27,-5.31
197901,8.96,0.23
197902,10.83,3.22
197903,6.08,-0.26
197904,3.37,0.13
197905,1.46,-0.30
197906,0.11,-0.52
197907,0.08,0.05
197908,0.68,0.58
197909,0.24,-0.41
197910,5.74,3.35
197911,4.91,-0.44
197912,8.20,0.62
198001,11.51,2.78
198002,12.91,5.30
198003,3.27,-3.07
198004,2.74,-0.50
198005,1.72,-0.04
198006,0.66,0.03
198007,0.14,0.11
198008,0.03,-0.07
198009,0.25,-0.40
198010,1.07,-1.32
198011,1.29,-4.06
198012,6.53,-1.05
198101,8.92,0.19
198102,2.86,-4.75
198103,7.28,0.94
198104,2.02,-1.22
198105,1.37,-0.39
198106,0.03,-0.60
198107,0.00,-0.03
198108,0.00,-0.10
198109,1.34,0.69
198110,6.21,3.82
198111,16.85,11.50
198112,11.01,3.43
198201,6.94,-1.79
198202,5.15,-2.46
198203,10.92,4.58
198204,7.81,4.57
198205,0.19,-1.57
198206,1.03,0.40
198207,0.10,0.07
198208,0.09,-0.01
198209,1.73,1.08
198210,6.07,3.68
198211,9.97,4.62
198212,7.37,-0.21
198301,10.07,1.34
198302,12.93,5.32
198303,18.06,11.72
198304,6.44,3.20
198305,0.83,-0.93
198306,0.74,0.11
198307,0.09,0.06
198308,0.12,0.02
198309,1.47,0.82
198310,2.15,-0.24
198311,14.55,9.20
198312,16.88,9.30
198401,0.67,-8.06
198402,4.85,-2.76
198403,3.69,-2.65
198404,2.34,-0.90
198405,0.48,-1.28
198406,0.90,0.27
198407,0.01,-0.02
198408,0.75,0.65
198409,0.31,-0.34
198410,3.44,1.05
198411,11.86,6.51
198412,2.60,-4.98
198501,1.31,-7.42
198502,3.59,-4.02
198503,5.72,-0.62
198504,0.41,-2.83
198505,0.11,-1.65
198506,0.04,-0.59
198507,0.03,0.00
198508,0.08,-0.02
198509,2.77,2.12
198510,1.49,-0.90
198511,7.35,2.00
198512,3.78,-3.80
198601,9.58,0.85
198602,18.37,10.76
198603,8.29,1.95
198604,2.03,-1.21
198605,1.43,-0.33
198606,0.11,-0.52
198607,0.02,-0.01
198608,0.00,-0.10
198609,3.13,2.48
198610,0.80,-1.59
198611,0.82,-4.53
198612,2.55,-5.03
198701,5.78,-2.95
198702,5.53,-2.08
198703,9.10,2.76
198704,0.48,-2.76
198705,0.30,-1.46
198706,0.04,-0.59
198707,0.11,0.08
198708,0.00,-0.10
198709,0.01,-0.64
198710,1.16,-1.23
198711,4.49,-0.86
198712,11.69,4.11
198801,7.86,-0.87
198802,0.56,-7.05
198803,1.08,-5.26
198804,4.11,0.87
198805,2.38,0.62
198806,0.81,0.18
198807,0.01,-0.02
198808,0.00,-0.10
198809,0.01,-0.64
198810,0.06,-2.33
198811,10.48,5.13
198812,5.34,-2.24
198901,2.58,-6.15
198902,2.28,-5.33
198903,15.23,8.89
198904,1.94,-1.30
198905,0.58,-1.18
198906,0.47,-0.16
198907,0.00,-0.03
198908,0.11,0.01
198909,2.93,2.28
198910,5.57,3.18
198911,2.38,-2.97
198912,0.02,-7.56
199001,8.45,-0.28
199002,4.42,-3.19
199003,2.96,-3.38
199004,0.98,-2.26
199005,5.97,4.21
199006,0.11,-0.52
199007,0.03,0.00
199008,0.18,0.08
199009,0.30,-0.35
199010,1.14,-1.25
199011,1.44,-3.91
199012,1.81,-5.77
199101,1.14,-7.59
199102,3.55,-4.06
199103,19.22,12.88
199104,1.39,-1.85
199105,1.59,-0.17
199106,0.98,0.35
199107,0.01,-0.02
199108,0.07,-0.03
199109,0.01,-0.64
199110,2.51,0.12
199111,1.68,-3.67
199112,4.83,-2.75
199201,3.62,-5.11
199202,11.83,4.22
199203,5.77,-0.57
199204,2.72,-0.52
199205,0.13,-1.63
199206,1.88,1.25
199207,0.03,0.00
199208,0.02,-0.08
199209,0.00,-0.65
199210,4.15,1.76
199211,0.84,-4.51
199212,11.65,4.07
199301,17.13,8.40
199302,11.15,3.54
199303,5.37,-0.97
199304,3.31,0.07
199305,3.06,1.30
199306,1.89,1.26
199307,0.00,-0.03
199308,0.57,0.47
199309,0.00,-0.65
199310,1.91,-0.48
199311,3.15,-2.20
199312,6.31,-1.27
199401,3.92,-4.81
199402,8.10,0.49
199403,1.03,-5.31
199404,2.75,-0.49
199405,2.17,0.41
199406,0.09,-0.54
199407,0.00,-0.03
199408,0.00,-0.10
199409,0.10,-0.55
199410,1.10,-1.29
199411,7.42,2.07
199412,8.27,0.69
199501,26.17,17.44
199502,1.62,-5.99
199503,20.35,14.01
199504,6.54,3.30
199505,4.01,2.25
199506,2.67,2.04
199507,0.04,0.01
199508,0.00,-0.10
199509,0.00,-0.65
199510,0.00,-2.39
199511,0.25,-5.10
199512,11.82,4.24
199601,9.40,0.67
199602,11.21,3.60
199603,4.14,-2.20
199604,5.23,1.99
199605,5.75,3.99
199606,0.32,-0.31
199607,0.03,0.00
199608,0.00,-0.10
199609,0.63,-0.02
199610,2.98,0.59
199611,4.96,-0.39
199612,19.15,11.57
199701,16.11,7.38
199702,0.51,-7.10
199703,2.58,-3.76
199704,1.65,-1.59
199705,0.68,-1.08
199706,1.14,0.51
199707,0.07,0.04
199708,0.73,0.63
199709,0.56,-0.09
199710,3.54,1.15
199711,10.12,4.77
199712,3.98,-3.60
199801,17.52,8.79
199802,20.26,12.65
199803,6.04,-0.30
199804,4.87,1.63
199805,7.03,5.27
199806,1.36,0.73
199807,0.01,-0.02
199808,0.00,-0.10
199809,0.55,-0.10
199810,1.99,-0.40
199811,10.11,4.76
199812,3.58,-4.00
199901,5.51,-3.22
199902,11.20,3.59
199903,3.91,-2.43
199904,2.51,-0.73
199905,0.40,-1.36
199906,0.53,-0.10
199907,0.00,-0.03
199908,0.17,0.07
199909,0.01,-0.64
199910,1.96,-0.43
199911,5.14,-0.21
199912,1.11,-6.47
200001,9.81,1.08
200002,16.67,9.06
200003,4.81,-1.53
200004,3.05,-0.19
200005,1.76,0.00
200006,0.58,-0.05
200007,0.00,-0.03
200008,0.00,-0.10
200009,0.59,-0.06
200010,5.56,3.17
200011,1.69,-3.66
200012,1.82,-5.76
200101,6.74,-1.99
200102,9.27,1.66
200103,3.33,-3.01
200104,3.31,0.07
200105,0.04,-1.72
200106,0.35,-0.28
200107,0.02,-0.01
200108,0.00,-0.10
200109,0.53,-0.12
200110,2.29,-0.10
200111,8.73,3.38
200112,12.55,4.97
200201,5.82,-2.91
200202,2.59,-5.02
200203,4.79,-1.55
200204,1.43,-1.81
200205,1.80,0.04
200206,0.00,-0.63
200207,0.02,-0.01
200208,0.00,-0.10
200209,0.00,-0.65
200210,0.00,-2.39
200211,4.73,-0.62
200212,19.96,12.38
200301,6.39,-2.34
200302,3.25,-4.36
200303,4.79,-1.55
200304,9.14,5.90
200305,2.16,0.40
200306,0.01,-0.62
200307,0.01,-0.02
200308,0.62,0.52
200309,0.01,-0.64
200310,0.18,-2.21
200311,4.78,-0.57
200312,13.50,5.92
200401,5.63,-3.10
200402,11.63,4.02
200403,1.98,-4.36
200404,0.83,-2.41
200405,0.71,-1.05
200406,0.05,-0.58
200407,0.00,-0.03
200408,0.01,-0.09
200409,0.18,-0.47
200410,6.56,4.17
200411,2.40,-2.95
200412,9.33,1.75
200501,7.45,-1.28
200502,4.06,-3.55
200503,6.92,0.58
200504,2.95,-0.29
200505,6.39,4.63
200506,2.19,1.56
200507,0.00,-0.03
200508,0.00,-0.10
200509,0.16,-0.49
200510,1.84,-0.55
200511,5.35,0.00
200512,20.29,12.71
200601,7.53,-1.20
200602,6.37,-1.24
200603,13.57,7.23
200604,9.89,6.65
200605,0.90,-0.86
200606,0.17,-0.46
200607,0.00,-0.03
200608,0.01,-0.09
200609,0.00,-0.65
200610,0.22,-2.17
200611,4.53,-0.82
200612,7.28,-0.30
200701,0.50,-8.23
200702,11.06,3.45
200703,1.04,-5.30
200704,2.95,-0.29
200705,0.82,-0.94
200706,0.28,-0.35
200707,0.17,0.14
200708,0.00,-0.10
200709,0.89,0.24
200710,2.58,0.19
200711,1.23,-4.12
200712,6.59,-0.99
200801,11.00,2.27
200802,5.80,-1.81
200803,0.77,-5.57
200804,0.62,-2.62
200805,0.22,-1.54
200806,0.02,-0.61
200807,0.00,-0.03
200808,0.02,-0.08
200809,0.00,-0.65
200810,2.58,0.19
200811,4.07,-1.28
200812,4.68,-2.90
200901,3.11,-5.62
200902,12.01,4.40
200903,4.83,-1.51
200904,0.66,-2.58
200905,3.06,1.30
200906,0.75,0.12
200907,0.00,-0.03
200908,0.04,-0.06
200909,0.59,-0.06
200910,3.41,1.02
200911,2.05,-3.30
200912,5.18,-2.40
201001,12.99,4.26
201002,5.89,-1.72
201003,3.96,-2.38
201004,7.83,4.59
201005,2.35,0.59
201006,0.12,-0.51
201007,0.01,-0.02
201008,0.05,-0.05
201009,0.13,-0.52
201010,5.12,2.73
201011,6.11,0.76
201012,13.34,5.76
201101,2.21,-6.52
201102,8.18,0.57
201103,13.31,6.97
201104,1.25,-1.99
201105,4.77,3.01
201106,2.76,2.13
201107,0.00,-0.03
201108,0.00,-0.10
201109,0.14,-0.51
201110,3.55,1.16
201111,2.24,-3.11
201112,0.32,-7.26
201201,7.48,-1.25
201202,2.66,-4.95
201203,11.54,5.20
201204,4.99,1.75
201205,0.14,-1.62
201206,0.59,-0.04
201207,0.01,-0.02
201208,0.01,-0.09
201209,0.00,-0.65
201210,2.18,-0.21
201211,9.94,4.59
201212,13.92,6.34
201301,1.19,-7.54
201302,0.87,-6.74
201303,2.57,-3.77
201304,0.93,-2.31
201305,0.76,-1.00
201306,1.42,0.79
201307,0.00,-0.03
201308,0.03,-0.07
201309,1.26,0.61
201310,0.45,-1.94
201311,2.22,-3.13
201312,0.49,-7.09
201401,0.84,-7.89
201402,10.04,2.43
201403,9.06,2.72
201404,1.36,-1.88
201405,0.51,-1.25
201406,0.00,-0.63
201407,0.03,0.00
201408,0.49,0.39
201409,0.72,0.07
201410,1.88,-0.51
201411,4.36,-0.99
201412,14.43,6.85
201501,0.21,-8.52
201502,4.58,-3.03
201503,0.58,-5.76
201504,2.24,-1.00
201505,0.29,-1.47
201506,0.22,-0.41
201507,0.06,0.03
201508,0.07,-0.03
201509,0.27,-0.38
201510,0.64,-1.75
201511,3.80,-1.55
201512,7.78,0.20
201601,14.46,5.73
201602,1.94,-5.67
201603,12.92,6.58
201604,1.92,-1.32
201605,0.99,-0.77
201606,0.52,-0.11
201607,0.00,-0.03
201608,0.00,-0.10
201609,0.01,-0.64
201610,9.10,6.71
201611,4.22,-1.13
201612,9.88,2.30
201701,16.25,7.52
201702,15.79,8.18
201703,5.65,-0.69
201704,6.40,3.16
201705,0.38,-1.38
201706,0.92,0.29
201707,0.00,-0.03
201708,0.01,-0.09
201709,0.41,-0.24
201710,0.70,-1.69
201711,9.49,4.14
201712,0.41,-7.17
201801,6.19,-2.54
201802,0.62,-6.99
201803,10.05,3.71
201804,5.39,2.15
201805,0.52,-1.24
201806,0.02,-0.61
201807,0.01,-0.02
201808,0.00,-0.10
201809,0.00,-0.65
201810,0.99,-1.40
201811,6.08,0.73
201812,4.64,-2.94
201901,12.01,3.28
201902,19.53,11.92
201903,9.06,2.72
201904,2.64,-0.60
201905,5.13,3.37
201906,0.12,-0.51
201907,0.00,-0.03
201908,0.01,-0.09
201909,1.54,0.89
201910,0.06,-2.33
201911,1.44,-3.91
201912,8.56,0.98
202001,4.06,-4.67
202002,0.04,-7.57
202003,3.53,-2.81
202004,1.92,-1.32
202005,3.64,1.88
202006,0.22,-0.41
202007,0.01,-0.02
202008,0.04,-0.06
202009,0.00,-0.65
202010,0.00,-2.39
202011,2.35,-3.00
202012,3.35,-4.23
202101,5.03,-3.70
202102,3.38,-4.23
202103,4.22,-2.12
202104,0.51,-2.73
202105,0.05,-1.71
202106,0.06,-0.57
202107,0.00,-0.03
202108,0.00,-0.10
202109,0.38,-0.27
202110,8.93,6.54
202111,2.35,-3.00
202112,10.87,3.29
202201,0.90,-7.83
202202,0.09,-7.52
202203,1.42,-4.92
202204,3.79,0.55
202205,0.53,-1.23
202206,1.26,0.63
202207,0.00,-0.03
202208,0.01,-0.09
202209,1.72,1.07
202210,0.00,-2.39
202211,3.66,-1.69
202212,11.38,3.80
202301,14.16,5.43
202302,4.26,-3.35
202303,13.28,6.94
