San Benito County, California, Precipitation
Units: Inches
Base Period: 1901-2000
Missing: -99
Date,Value,Anomaly
189501,6.93,3.48
189502,1.80,-1.52
189503,2.21,-0.60
189504,1.46,0.20
189505,0.83,0.38
189506,0.00,-0.07
189507,0.02,0.01
189508,0.01,-0.01
189509,0.15,-0.05
189510,0.93,0.27
189511,1.25,-0.42
189512,1.26,-1.55
189601,7.18,3.73
189602,0.13,-3.19
189603,2.45,-0.36
189604,2.85,1.59
189605,0.74,0.29
189606,0.00,-0.07
189607,0.10,0.09
189608,0.17,0.15
189609,0.15,-0.05
189610,1.85,1.19
189611,2.70,1.03
189612,2.39,-0.42
189701,2.13,-1.32
189702,4.14,0.82
189703,3.99,1.18
189704,0.43,-0.83
189705,0.06,-0.39
189706,0.13,0.06
189707,0.01,0.00
189708,0.05,0.03
189709,0.08,-0.12
189710,1.26,0.60
189711,0.56,-1.11
189712,1.60,-1.21
189801,1.01,-2.44
189802,1.57,-1.75
189803,0.80,-2.01
189804,0.21,-1.05
189805,0.94,0.49
189806,0.01,-0.06
189807,0.00,-0.01
189808,0.00,-0.02
189809,0.62,0.42
189810,0.29,-0.37
189811,0.41,-1.26
189812,1.41,-1.40
189901,3.52,0.07
189902,0.29,-3.03
189903,5.28,2.47
189904,0.94,-0.32
189905,0.58,0.13
189906,0.35,0.28
189907,0.00,-0.01
189908,0.05,0.03
189909,0.00,-0.20
189910,3.08,2.42
189911,2.28,0.61
189912,2.49,-0.32
190001,1.77,-1.68
190002,0.27,-3.05
190003,1.39,-1.42
190004,1.85,0.59
190005,1.13,0.68
190006,0.02,-0.05
190007,0.02,0.01
190008,0.00,-0.02
190009,0.03,-0.17
190010,1.45,0.79
190011,6.60,4.93
190012,1.13,-1.68
190101,3.73,0.28
190102,4.50,1.18
190103,1.03,-1.78
190104,1.64,0.38
190105,1.09,0.64
190106,0.00,-0.07
190107,0.00,-0.01
190108,0.00,-0.02
190109,0.58,0.38
190110,0.63,-0.03
190111,1.67,0.00
190112,0.41,-2.40
190201,1.16,-2.29
190202,5.74,2.42
190203,2.93,0.12
190204,1.59,0.33
190205,0.33,-0.12
190206,0.00,-0.07
190207,0.00,-0.01
190208,0.00,-0.02
190209,0.00,-0.20
190210,0.68,0.02
190211,2.34,0.67
190212,1.13,-1.68
190301,2.74,-0.71
190302,1.25,-2.07
190303,5.54,2.73
190304,0.79,-0.47
190305,0.00,-0.45
190306,0.00,-0.07
190307,0.00,-0.01
190308,0.00,-0.02
190309,0.01,-0.19
190310,0.04,-0.62
190311,1.50,-0.17
190312,0.45,-2.36
190401,0.92,-2.53
190402,4.11,0.79
190403,4.06,1.25
190404,1.89,0.63
190405,0.19,-0.26
190406,0.00,-0.07
190407,0.00,-0.01
190408,0.11,0.09
190409,1.35,1.15
190410,1.87,1.21
190411,0.64,-1.03
190412,1.80,-1.01
190501,2.76,-0.69
190502,4.17,0.85
190503,4.22,1.41
190504,0.87,-0.39
190505,2.22,1.77
190506,0.00,-0.07
190507,0.00,-0.01
190508,0.00,-0.02
190509,0.02,-0.18
190510,0.00,-0.66
190511,1.77,0.10
190512,0.92,-1.89
190601,3.64,0.19
190602,4.02,0.70
190603,7.12,4.31
190604,1.19,-0.07
190605,2.25,1.80
190606,0.13,0.06
190607,0.00,-0.01
190608,0.00,-0.02
190609,0.07,-0.13
190610,0.00,-0.66
190611,1.57,-0.10
190612,7.19,4.38
190701,7.91,4.46
190702,1.72,-1.60
190703,7.90,5.09
190704,0.21,-1.05
190705,0.11,-0.34
190706,0.23,0.16
190707,0.00,-0.01
190708,0.00,-0.02
190709,0.08,-0.12
190710,2.64,1.98
190711,0.01,-1.66
190712,3.49,0.68
190801,4.18,0.73
190802,2.55,-0.77
190803,0.97,-1.84
190804,0.49,-0.77
190805,0.55,0.10
190806,0.01,-0.06
190807,0.00,-0.01
190808,0.00,-0.02
190809,0.28,0.08
190810,0.34,-0.32
190811,1.39,-0.28
190812,1.45,-1.36
190901,9.35,5.90
190902,4.51,1.19
190903,3.64,0.83
190904,0.00,-1.26
190905,0.00,-0.45
190906,0.03,-0.04
190907,0.00,-0.01
190908,0.00,-0.02
190909,0.13,-0.07
190910,0.64,-0.02
190911,1.43,-0.24
190912,6.59,3.78
191001,3.65,0.20
191002,0.77,-2.55
191003,3.22,0.41
191004,0.34,-0.92
191005,0.00,-0.45
191006,0.00,-0.07
191007,0.01,0.00
191008,0.00,-0.02
191009,0.30,0.10
191010,0.41,-0.25
191011,0.39,-1.28
191012,0.64,-2.17
191101,8.44,4.99
191102,2.40,-0.92
191103,7.48,4.67
191104,0.61,-0.65
191105,0.18,-0.27
191106,0.03,-0.04
191107,0.00,-0.01
191108,0.00,-0.02
191109,0.05,-0.15
191110,0.21,-0.45
191111,0.17,-1.50
191112,1.48,-1.33
191201,1.84,-1.61
191202,0.09,-3.23
191203,3.60,0.79
191204,4.07,2.81
191205,1.29,0.84
191206,0.03,-0.04
191207,0.00,-0.01
191208,0.00,-0.02
191209,0.11,-0.09
191210,0.13,-0.53
191211,0.47,-1.20
191212,0.42,-2.39
191301,3.29,-0.16
191302,0.82,-2.50
191303,1.51,-1.30
191304,0.23,-1.03
191305,0.76,0.31
191306,0.17,0.10
191307,0.05,0.04
191308,0.16,0.14
191309,0.09,-0.11
191310,0.00,-0.66
191311,4.22,2.55
191312,3.13,0.32
191401,9.90,6.45
191402,3.38,0.06
191403,0.98,-1.83
191404,1.10,-0.16
191405,0.12,-0.33
191406,0.12,0.05
191407,0.03,0.02
191408,0.00,-0.02
191409,0.02,-0.18
191410,0.68,0.02
191411,0.20,-1.47
191412,4.98,2.17
191501,5.07,1.62
191502,7.21,3.89
191503,1.08,-1.73
191504,1.59,0.33
191505,2.21,1.76
191506,0.00,-0.07
191507,0.00,-0.01
191508,0.01,-0.01
191509,0.02,-0.18
191510,0.00,-0.66
191511,0.44,-1.23
191512,4.22,1.41
191601,10.15,6.70
191602,2.53,-0.79
191603,2.02,-0.79
191604,0.49,-0.77
191605,0.09,-0.36
191606,0.00,-0.07
191607,0.03,0.02
191608,0.02,0.00
191609,0.93,0.73
191610,1.64,0.98
191611,0.60,-1.07
191612,4.27,1.46
191701,1.46,-1.99
191702,4.69,1.37
191703,1.00,-1.81
191704,0.48,-0.78
191705,0.36,-0.09
191706,0.00,-0.07
191707,0.00,-0.01
191708,0.00,-0.02
191709,0.03,-0.17
191710,0.00,-0.66
191711,0.93,-0.74
191712,0.35,-2.46
191801,0.53,-2.92
191802,5.56,2.24
191803,5.13,2.32
191804,0.19,-1.07
191805,0.09,-0.36
191806,0.00,-0.07
191807,0.00,-0.01
191808,0.00,-0.02
191809,1.14,0.94
191810,0.43,-0.23
191811,2.79,1.12
191812,2.21,-0.60
191901,0.71,-2.74
191902,4.61,1.29
191903,2.60,-0.21
191904,0.08,-1.18
191905,0.10,-0.35
191906,0.00,-0.07
191907,0.00,-0.01
191908,0.00,-0.02
191909,0.33,0.13
191910,0.10,-0.56
191911,0.08,-1.59
191912,3.68,0.87
192001,0.53,-2.92
192002,1.86,-1.46
192003,3.82,1.01
192004,0.82,-0.44
192005,0.00,-0.45
192006,0.12,0.05
192007,0.02,0.01
192008,0.02,0.00
192009,0.02,-0.18
192010,1.61,0.95
192011,2.07,0.40
192012,2.99,0.18
192101,4.76,1.31
192102,1.18,-2.14
192103,1.60,-1.21
192104,0.68,-0.58
192105,1.16,0.71
192106,0.00,-0.07
192107,0.00,-0.01
192108,0.00,-0.02
192109,0.31,0.11
192110,0.23,-0.43
192111,0.89,-0.78
192112,8.34,5.53
192201,3.47,0.02
192202,5.58,2.26
192203,2.28,-0.53
192204,0.46,-0.80
192205,0.76,0.31
192206,0.18,0.11
192207,0.00,-0.01
192208,0.00,-0.02
192209,0.00,-0.20
192210,0.74,0.08
192211,3.43,1.76
192212,4.24,1.43
192301,2.86,-0.59
192302,0.91,-2.41
192303,0.37,-2.44
192304,2.41,1.15
192305,0.04,-0.41
192306,0.13,0.06
192307,0.00,-0.01
192308,0.00,-0.02
192309,0.56,0.36
192310,0.29,-0.37
192311,0.35,-1.32
192312,0.64,-2.17
192401,2.20,-1.25
192402,0.42,-2.90
192403,2.26,-0.55
192404,0.81,-0.45
192405,0.13,-0.32
192406,0.00,-0.07
192407,0.00,-0.01
192408,0.00,-0.02
192409,0.01,-0.19
192410,1.17,0.51
192411,1.39,-0.28
192412,2.18,-0.63
192501,1.10,-2.35
192502,2.86,-0.46
192503,1.76,-1.05
192504,1.88,0.62
192505,1.64,1.19
192506,0.07,0.00
192507,0.05,0.04
192508,0.00,-0.02
192509,0.13,-0.07
192510,0.36,-0.30
192511,0.69,-0.98
192512,1.50,-1.31
192601,1.97,-1.48
192602,4.38,1.06
192603,0.37,-2.44
192604,2.60,1.34
192605,0.03,-0.42
192606,0.00,-0.07
192607,0.00,-0.01
192608,0.00,-0.02
192609,0.00,-0.20
192610,0.49,-0.17
192611,4.63,2.96
192612,1.25,-1.56
192701,1.94,-1.51
192702,5.91,2.59
192703,1.89,-0.92
192704,0.95,-0.31
192705,0.05,-0.40
192706,0.15,0.08
192707,0.00,-0.01
192708,0.00,-0.02
192709,0.10,-0.10
192710,1.33,0.67
192711,1.66,-0.01
192712,1.84,-0.97
192801,0.35,-3.10
192802,2.51,-0.81
192803,2.61,-0.20
192804,0.76,-0.50
192805,0.41,-0.04
192806,0.00,-0.07
192807,0.00,-0.01
192808,0.00,-0.02
192809,0.00,-0.20
192810,0.00,-0.66
192811,2.68,1.01
192812,2.96,0.15
192901,0.90,-2.55
192902,1.48,-1.84
192903,1.61,-1.20
192904,1.15,-0.11
192905,0.00,-0.45
192906,0.45,0.38
192907,0.00,-0.01
192908,0.00,-0.02
192909,0.10,-0.10
192910,0.02,-0.64
192911,0.00,-1.67
192912,0.96,-1.85
193001,4.18,0.73
193002,2.48,-0.84
193003,2.48,-0.33
193004,0.75,-0.51
193005,0.43,-0.02
193006,0.00,-0.07
193007,0.00,-0.01
193008,0.00,-0.02
193009,0.28,0.08
193010,0.06,-0.60
193011,1.39,-0.28
193012,0.04,-2.77
193101,4.74,1.29
193102,1.69,-1.63
193103,0.56,-2.25
193104,0.56,-0.70
193105,1.18,0.73
193106,0.34,0.27
193107,0.00,-0.01
193108,0.01,-0.01
193109,0.01,-0.19
193110,0.12,-0.54
193111,2.56,0.89
193112,8.33,5.52
193201,4.38,0.93
193202,3.61,0.29
193203,0.69,-2.12
193204,0.37,-0.89
193205,0.55,0.10
193206,0.03,-0.04
193207,0.00,-0.01
193208,0.00,-0.02
193209,0.00,-0.20
193210,0.01,-0.65
193211,0.37,-1.30
193212,2.16,-0.65
193301,5.14,1.69
193302,0.42,-2.90
193303,1.19,-1.62
193304,0.10,-1.16
193305,0.68,0.23
193306,0.15,0.08
193307,0.00,-0.01
193308,0.00,-0.02
193309,0.02,-0.18
193310,0.27,-0.39
193311,0.00,-1.67
193312,3.70,0.89
193401,1.28,-2.17
193402,3.77,0.45
193403,0.11,-2.70
193404,0.05,-1.21
193405,0.72,0.27
193406,0.44,0.37
193407,0.00,-0.01
193408,0.01,-0.01
193409,0.06,-0.14
193410,0.91,0.25
193411,2.85,1.18
193412,3.12,0.31
193501,5.52,2.07
193502,1.14,-2.18
193503,3.57,0.76
193504,4.36,3.10
193505,0.00,-0.45
193506,0.00,-0.07
193507,0.01,0.00
193508,0.19,0.17
193509,0.05,-0.15
193510,0.40,-0.26
193511,0.99,-0.68
193512,1.42,-1.39
193601,1.86,-1.59
193602,8.90,5.58
193603,1.93,-0.88
193604,1.57,0.31
193605,0.34,-0.11
193606,0.24,0.17
193607,0.12,0.11
193608,0.01,-0.01
193609,0.00,-0.20
193610,1.13,0.47
193611,0.00,-1.67
193612,4.68,1.87
193701,3.89,0.44
193702,4.78,1.46
193703,5.34,2.53
193704,0.51,-0.75
193705,0.01,-0.44
193706,0.04,-0.03
193707,0.00,-0.01
193708,0.00,-0.02
193709,0.00,-0.20
193710,0.15,-0.51
193711,0.74,-0.93
193712,5.33,2.52
193801,3.89,0.44
193802,9.15,5.83
193803,5.81,3.00
193804,2.15,0.89
193805,0.08,-0.37
193806,0.05,-0.02
193807,0.05,0.04
193808,0.00,-0.02
193809,0.32,0.12
193810,1.09,0.43
193811,0.64,-1.03
193812,1.58,-1.23
193901,2.48,-0.97
193902,2.45,-0.87
193903,2.75,-0.06
193904,0.81,-0.45
193905,0.36,-0.09
193906,0.01,-0.06
193907,0.00,-0.01
193908,0.03,0.01
193909,0.74,0.54
193910,0.50,-0.16
193911,0.42,-1.25
193912,0.81,-2.00
194001,7.90,4.45
194002,7.52,4.20
194003,2.30,-0.51
194004,0.96,-0.30
194005,0.10,-0.35
194006,0.00,-0.07
194007,0.01,0.00
194008,0.00,-0.02
194009,0.11,-0.09
194010,0.33,-0.33
194011,0.37,-1.30
194012,7.60,4.79
194101,4.80,1.35
194102,8.94,5.62
194103,5.93,3.12
194104,4.31,3.05
194105,0.18,-0.27
194106,0.03,-0.04
194107,0.00,-0.01
194108,0.01,-0.01
194109,0.00,-0.20
194110,1.08,0.42
194111,0.87,-0.80
194112,6.68,3.87
194201,2.88,-0.57
194202,2.19,-1.13
194203,2.24,-0.57
194204,3.26,2.00
194205,0.68,0.23
194206,0.00,-0.07
194207,0.00,-0.01
194208,0.00,-0.02
194209,0.00,-0.20
194210,0.66,0.00
194211,1.25,-0.42
194212,1.67,-1.14
194301,4.59,1.14
194302,2.12,-1.20
194303,4.54,1.73
194304,1.05,-0.21
194305,0.00,-0.45
194306,0.01,-0.06
194307,0.00,-0.01
194308,0.00,-0.02
194309,0.00,-0.20
194310,0.37,-0.29
194311,0.40,-1.27
194312,2.75,-0.06
194401,2.90,-0.55
194402,7.64,4.32
194403,0.55,-2.26
194404,1.38,0.12
194405,0.80,0.35
194406,0.15,0.08
194407,0.01,0.00
194408,0.00,-0.02
194409,0.00,-0.20
194410,0.53,-0.13
194411,3.23,1.56
194412,1.90,-0.91
194501,0.58,-2.87
194502,4.50,1.18
194503,3.22,0.41
194504,0.27,-0.99
194505,0.15,-0.30
194506,0.09,0.02
194507,0.00,-0.01
194508,0.11,0.09
194509,0.08,-0.12
194510,1.56,0.90
194511,1.67,0.00
194512,4.95,2.14
194601,0.99,-2.46
194602,2.34,-0.98
194603,2.57,-0.24
194604,0.04,-1.22
194605,0.52,0.07
194606,0.00,-0.07
194607,0.02,0.01
194608,0.00,-0.02
194609,0.01,-0.19
194610,0.34,-0.32
194611,4.05,2.38
194612,2.20,-0.61
194701,0.72,-2.73
194702,1.44,-1.88
194703,1.37,-1.44
194704,0.54,-0.72
194705,0.35,-0.10
194706,0.11,0.04
194707,0.00,-0.01
194708,0.00,-0.02
194709,0.01,-0.19
194710,1.06,0.40
194711,0.64,-1.03
194712,1.04,-1.77
194801,0.10,-3.35
194802,1.56,-1.76
194803,3.37,0.56
194804,3.27,2.01
194805,0.48,0.03
194806,0.01,-0.06
194807,0.00,-0.01
194808,0.00,-0.02
194809,0.00,-0.20
194810,0.58,-0.08
194811,0.15,-1.52
194812,4.28,1.47
194901,1.27,-2.18
194902,2.23,-1.09
194903,4.84,2.03
194904,0.05,-1.21
194905,0.32,-0.13
194906,0.00,-0.07
194907,0.03,0.02
194908,0.01,-0.01
194909,0.06,-0.14
194910,0.12,-0.54
194911,1.19,-0.48
194912,1.72,-1.09
195001,4.20,0.75
195002,1.64,-1.68
195003,1.89,-0.92
195004,1.65,0.39
195005,0.20,-0.25
195006,0.00,-0.07
195007,0.03,0.02
195008,0.02,0.00
195009,0.07,-0.13
195010,1.88,1.22
195011,3.11,1.44
195012,2.68,-0.13
195101,2.12,-1.33
195102,1.75,-1.57
195103,0.69,-2.12
195104,0.94,-0.32
195105,0.27,-0.18
195106,0.00,-0.07
195107,0.00,-0.01
195108,0.00,-0.02
195109,0.01,-0.19
195110,0.83,0.17
195111,2.64,0.97
195112,6.45,3.64
195201,6.38,2.93
195202,1.16,-2.16
195203,4.76,1.95
195204,1.78,0.52
195205,0.04,-0.41
195206,0.01,-0.06
195207,0.00,-0.01
195208,0.00,-0.02
195209,0.10,-0.10
195210,0.00,-0.66
195211,2.21,0.54
195212,6.81,4.00
195301,1.55,-1.90
195302,0.03,-3.29
195303,0.98,-1.83
195304,1.64,0.38
195305,0.38,-0.07
195306,0.05,-0.02
195307,0.00,-0.01
195308,0.01,-0.01
195309,0.00,-0.20
195310,0.13,-0.53
195311,2.02,0.35
195312,0.45,-2.36
195401,3.16,-0.29
195402,2.60,-0.72
195403,4.35,1.54
195404,0.74,-0.52
195405,0.20,-0.25
195406,0.19,0.12
195407,0.00,-0.01
195408,0.00,-0.02
195409,0.00,-0.20
195410,0.00,-0.66
195411,1.21,-0.46
195412,2.61,-0.20
195501,5.16,1.71
195502,1.81,-1.51
195503,0.44,-2.37
195504,2.14,0.88
195505,0.88,0.43
195506,0.00,-0.07
195507,0.00,-0.01
195508,0.00,-0.02
195509,0.00,-0.20
195510,0.01,-0.65
195511,1.53,-0.14
195512,11.49,8.68
195601,4.83,1.38
195602,0.95,-2.37
195603,0.09,-2.72
195604,1.32,0.06
195605,1.05,0.60
195606,0.00,-0.07
195607,0.01,0.00
195608,0.00,-0.02
195609,0.20,0.00
195610,1.16,0.50
195611,0.00,-1.67
195612,0.35,-2.46
195701,4.07,0.62
195702,2.83,-0.49
195703,0.86,-1.95
195704,2.04,0.78
195705,1.72,1.27
195706,0.20,0.13
195707,0.01,0.00
195708,0.00,-0.02
195709,0.07,-0.13
195710,2.00,1.34
195711,0.58,-1.09
195712,3.45,0.64
195801,3.48,0.03
195802,6.19,2.87
195803,7.32,4.51
195804,5.43,4.17
195805,0.71,0.26
195806,0.10,0.03
195807,0.00,-0.01
195808,0.04,0.02
195809,0.80,0.60
195810,0.00,-0.66
195811,0.50,-1.17
195812,0.32,-2.49
195901,3.33,-0.12
195902,6.02,2.70
195903,0.21,-2.60
195904,0.45,-0.81
195905,0.05,-0.40
195906,0.00,-0.07
195907,0.00,-0.01
195908,0.00,-0.02
195909,0.85,0.65
195910,0.00,-0.66
195911,0.00,-1.67
195912,0.46,-2.35
196001,3.20,-0.25
196002,4.62,1.30
196003,0.79,-2.02
196004,1.38,0.12
196005,0.18,-0.27
196006,0.00,-0.07
196007,0.00,-0.01
196008,0.00,-0.02
196009,0.07,-0.13
196010,0.08,-0.58
196011,3.57,1.90
196012,1.00,-1.81
196101,2.22,-1.23
196102,0.68,-2.64
196103,1.91,-0.90
196104,0.73,-0.53
196105,0.52,0.07
196106,0.12,0.05
196107,0.01,0.00
196108,0.04,0.02
196109,0.02,-0.18
196110,0.02,-0.64
196111,2.84,1.17
196112,1.95,-0.86
196201,2.26,-1.19
196202,8.67,5.35
196203,1.91,-0.90
196204,0.11,-1.15
196205,0.06,-0.39
196206,0.01,-0.06
196207,0.00,-0.01
196208,0.01,-0.01
196209,0.01,-0.19
196210,0.90,0.24
196211,0.13,-1.54
196212,2.52,-0.29
196301,3.51,0.06
196302,3.55,0.23
196303,3.27,0.46
196304,3.43,2.17
196305,0.48,0.03
196306,0.23,0.16
196307,0.00,-0.01
196308,0.02,0.00
196309,0.23,0.03
196310,1.37,0.71
196311,3.05,1.38
196312,0.26,-2.55
196401,2.70,-0.75
196402,0.12,-3.20
196403,2.03,-0.78
196404,0.32,-0.94
196405,0.44,-0.01
196406,0.22,0.15
196407,0.00,-0.01
196408,0.14,0.12
196409,0.07,-0.13
196410,1.57,0.91
196411,2.68,1.01
196412,4.67,1.86
196501,2.03,-1.42
196502,0.56,-2.76
196503,2.38,-0.43
196504,2.83,1.57
196505,0.00,-0.45
196506,0.00,-0.07
196507,0.07,0.06
196508,0.11,0.09
196509,0.02,-0.18
196510,0.04,-0.62
196511,6.90,5.23
196512,3.76,0.95
196601,1.25,-2.20
196602,1.02,-2.30
196603,0.23,-2.58
196604,0.20,-1.06
196605,0.14,-0.31
196606,0.03,-0.04
196607,0.14,0.13
196608,0.00,-0.02
196609,0.29,0.09
196610,0.00,-0.66
196611,2.55,0.88
196612,5.28,2.47
196701,4.82,1.37
196702,0.41,-2.91
196703,4.13,1.32
196704,5.12,3.86
196705,0.21,-0.24
196706,0.17,0.10
196707,0.00,-0.01
196708,0.00,-0.02
196709,0.21,0.01
196710,0.21,-0.45
196711,1.70,0.03
196712,1.76,-1.05
196801,1.57,-1.88
196802,1.27,-2.05
196803,2.15,-0.66
196804,0.77,-0.49
196805,0.22,-0.23
196806,0.00,-0.07
196807,0.00,-0.01
196808,0.02,0.00
196809,0.00,-0.20
196810,1.05,0.39
196811,2.14,0.47
196812,3.10,0.29
196901,10.02,6.57
196902,8.30,4.98
196903,0.92,-1.89
196904,1.98,0.72
196905,0.01,-0.44
196906,0.04,-0.03
196907,0.00,-0.01
196908,0.00,-0.02
196909,0.62,0.42
196910,0.69,0.03
196911,0.89,-0.78
196912,1.76,-1.05
197001,5.31,1.86
197002,1.61,-1.71
197003,2.39,-0.42
197004,0.34,-0.92
197005,0.00,-0.45
197006,0.09,0.02
197007,0.00,-0.01
197008,0.00,-0.02
197009,0.00,-0.20
197010,0.22,-0.44
197011,5.57,3.90
197012,4.72,1.91
197101,1.04,-2.41
197102,0.39,-2.93
197103,1.24,-1.57
197104,1.56,0.30
197105,0.78,0.33
197106,0.00,-0.07
197107,0.00,-0.01
197108,0.01,-0.01
197109,0.06,-0.14
197110,0.19,-0.47
197111,1.08,-0.59
197112,4.49,1.68
197201,0.75,-2.70
197202,0.53,-2.79
197203,0.01,-2.80
197204,0.60,-0.66
197205,0.01,-0.44
197206,0.08,0.01
197207,0.00,-0.01
197208,0.01,-0.01
197209,0.13,-0.07
197210,1.89,1.23
197211,5.70,4.03
197212,1.80,-1.01
197301,5.10,1.65
197302,7.41,4.09
197303,3.19,0.38
197304,0.18,-1.08
197305,0.04,-0.41
197306,0.00,-0.07
197307,0.00,-0.01
197308,0.01,-0.01
197309,0.02,-0.18
197310,1.65,0.99
197311,2.99,1.32
197312,3.49,0.68
197401,4.25,0.80
197402,0.40,-2.92
197403,4.75,1.94
197404,1.57,0.31
197405,0.02,-0.43
197406,0.04,-0.03
197407,0.09,0.08
197408,0.00,-0.02
197409,0.00,-0.20
197410,1.66,1.00
197411,0.55,-1.12
197412,3.62,0.81
197501,0.47,-2.98
197502,6.02,2.70
197503,4.95,2.14
197504,1.87,0.61
197505,0.00,-0.45
197506,0.01,-0.06
197507,0.07,0.06
197508,0.19,0.17
197509,0.09,-0.11
197510,1.36,0.70
197511,0.26,-1.41
197512,0.16,-2.65
197601,0.13,-3.32
197602,2.03,-1.29
197603,1.20,-1.61
197604,1.66,0.40
197605,0.00,-0.45
197606,0.10,0.03
197607,0.00,-0.01
197608,0.19,0.17
197609,1.34,1.14
197610,0.64,-0.02
197611,1.00,-0.67
197612,1.46,-1.35
197701,1.54,-1.91
197702,0.34,-2.98
197703,1.20,-1.61
197704,0.02,-1.24
197705,1.77,1.32
197706,0.14,0.07
197707,0.00,-0.01
197708,0.00,-0.02
197709,0.20,0.00
197710,0.07,-0.59
197711,0.47,-1.20
197712,5.99,3.18
197801,6.88,3.43
197802,6.38,3.06
197803,6.28,3.47
197804,3.61,2.35
197805,0.02,-0.43
197806,0.03,-0.04
197807,0.00,-0.01
197808,0.00,-0.02
197809,0.42,0.22
197810,0.00,-0.66
197811,2.46,0.79
197812,0.78,-2.03
197901,5.37,1.92
197902,3.90,0.58
197903,3.38,0.57
197904,0.37,-0.89
197905,0.19,-0.26
197906,0.00,-0.07
197907,0.06,0.05
197908,0.00,-0.02
197909,0.00,-0.20
197910,1.24,0.58
197911,1.55,-0.12
197912,2.92,0.11
198001,4.98,1.53
198002,5.63,2.31
198003,2.05,-0.76
198004,1.12,-0.14
198005,0.53,0.08
198006,0.01,-0.06
198007,0.13,0.12
198008,0.00,-0.02
198009,0.01,-0.19
198010,0.07,-0.59
198011,0.11,-1.56
198012,1.15,-1.66
198101,4.08,0.63
198102,1.63,-1.69
198103,4.17,1.36
198104,1.37,0.11
198105,0.09,-0.36
198106,0.00,-0.07
198107,0.00,-0.01
198108,0.00,-0.02
198109,0.01,-0.19
198110,1.39,0.73
198111,4.23,2.56
198112,1.40,-1.41
198201,4.13,0.68
198202,1.43,-1.89
198203,5.33,2.52
198204,3.28,2.02
198205,0.00,-0.45
198206,0.33,0.26
198207,0.00,-0.01
198208,0.00,-0.02
198209,1.11,0.91
198210,1.33,0.67
198211,5.11,3.44
198212,3.51,0.70
198301,6.17,2.72
198302,4.68,1.36
198303,8.66,5.85
198304,3.14,1.88
198305,0.22,-0.23
198306,0.01,-0.06
198307,0.00,-0.01
198308,0.18,0.16
198309,1.12,0.92
198310,0.98,0.32
198311,4.29,2.62
198312,4.41,1.60
198401,0.28,-3.17
198402,1.05,-2.27
198403,0.93,-1.88
198404,0.38,-0.88
198405,0.01,-0.44
198406,0.02,-0.05
198407,0.01,0.00
198408,0.05,0.03
198409,0.09,-0.11
198410,1.11,0.45
198411,4.10,2.43
198412,2.92,0.11
198501,0.63,-2.82
198502,0.98,-2.34
198503,3.18,0.37
198504,0.28,-0.98
198505,0.03,-0.42
198506,0.04,-0.03
198507,0.02,0.01
198508,0.00,-0.02
198509,0.10,-0.10
198510,0.75,0.09
198511,4.18,2.51
198512,1.04,-1.77
198601,1.58,-1.87
198602,6.28,2.96
198603,5.84,3.03
198604,0.95,-0.31
198605,0.18,-0.27
198606,0.00,-0.07
198607,0.01,0.00
198608,0.00,-0.02
198609,0.91,0.71
198610,0.01,-0.65
198611,0.16,-1.51
198612,0.93,-1.88
198701,2.43,-1.02
198702,3.53,0.21
198703,2.81,0.00
198704,0.41,-0.85
198705,0.18,-0.27
198706,0.01,-0.06
198707,0.00,-0.01
198708,0.00,-0.02
198709,0.01,-0.19
198710,1.89,1.23
198711,1.18,-0.49
198712,3.13,0.32
198801,2.27,-1.18
198802,1.31,-2.01
198803,0.17,-2.64
198804,1.49,0.23
198805,0.51,0.06
198806,0.23,0.16
198807,0.00,-0.01
198808,0.00,-0.02
198809,0.00,-0.20
198810,0.00,-0.66
198811,1.30,-0.37
198812,3.62,0.81
198901,0.81,-2.64
198902,1.14,-2.18
198903,1.64,-1.17
198904,0.36,-0.90
198905,0.13,-0.32
198906,0.00,-0.07
198907,0.00,-0.01
198908,0.02,0.00
198909,1.35,1.15
198910,0.94,0.28
198911,0.82,-0.85
198912,0.03,-2.78
199001,2.10,-1.35
199002,2.32,-1.00
199003,0.94,-1.87
199004,0.30,-0.96
199005,1.51,1.06
199006,0.00,-0.07
199007,0.00,-0.01
199008,0.01,-0.01
199009,0.40,0.20
199010,0.05,-0.61
199011,0.27,-1.40
199012,1.12,-1.69
199101,0.54,-2.91
199102,2.57,-0.75
199103,8.93,6.12
199104,0.31,-0.95
199105,0.12,-0.33
199106,0.03,-0.04
199107,0.00,-0.01
199108,0.08,0.06
199109,0.14,-0.06
199110,0.80,0.14
199111,0.32,-1.35
199112,3.42,0.61
199201,1.79,-1.66
199202,6.05,2.73
199203,3.67,0.86
199204,0.03,-1.23
199205,0.00,-0.45
199206,0.03,-0.04
199207,0.09,0.08
199208,0.00,-0.02
199209,0.00,-0.20
199210,1.22,0.56
199211,0.02,-1.65
199212,4.71,1.90
199301,8.21,4.76
199302,6.15,2.83
199303,3.43,0.62
199304,0.20,-1.06
199305,0.49,0.04
199306,0.27,0.20
199307,0.00,-0.01
199308,0.00,-0.02
199309,0.01,-0.19
199310,0.15,-0.51
199311,1.16,-0.51
199312,1.59,-1.22
199401,2.03,-1.42
199402,4.14,0.82
199403,0.58,-2.23
199404,1.21,-0.05
199405,1.50,1.05
199406,0.01,-0.06
199407,0.00,-0.01
199408,0.00,-0.02
199409,0.20,0.00
199410,0.69,0.03
199411,2.28,0.61
199412,1.23,-1.58
199501,10.53,7.08
199502,1.03,-2.29
199503,8.27,5.46
199504,1.24,-0.02
199505,1.04,0.59
199506,0.36,0.29
199507,0.11,0.10
199508,0.00,-0.02
199509,0.00,-0.20
199510,0.00,-0.66
199511,0.10,-1.57
199512,3.13,0.32
199601,4.63,1.18
199602,5.31,1.99
199603,2.51,-0.30
199604,1.04,-0.22
199605,1.12,0.67
199606,0.02,-0.05
199607,0.00,-0.01
199608,0.00,-0.02
199609,0.00,-0.20
199610,2.58,1.92
199611,2.64,0.97
199612,6.33,3.52
199701,7.08,3.63
199702,0.16,-3.16
199703,0.14,-2.67
199704,0.18,-1.08
199705,0.06,-0.39
199706,0.05,-0.02
199707,0.02,0.01
199708,0.04,0.02
199709,0.03,-0.17
199710,0.23,-0.43
199711,5.01,3.34
199712,3.84,1.03
199801,5.18,1.73
199802,13.36,10.04
199803,3.65,0.84
199804,2.43,1.17
199805,2.56,2.11
199806,0.21,0.14
199807,0.00,-0.01
199808,0.00,-0.02
199809,0.19,-0.01
199810,0.43,-0.23
199811,2.38,0.71
199812,1.12,-1.69
199901,2.56,-0.89
199902,2.75,-0.57
199903,2.52,-0.29
199904,1.59,0.33
199905,0.08,-0.37
199906,0.07,0.00
199907,0.00,-0.01
199908,0.00,-0.02
199909,0.10,-0.10
199910,0.03,-0.63
199911,1.11,-0.56
199912,0.10,-2.71
200001,4.66,1.21
200002,6.23,2.91
200003,1.40,-1.41
200004,1.15,-0.11
200005,0.27,-0.18
200006,0.25,0.18
200007,0.00,-0.01
200008,0.06,0.04
200009,0.04,-0.16
200010,2.65,1.99
200011,0.30,-1.37
200012,0.37,-2.44
200101,4.54,1.09
200102,3.92,0.60
200103,2.92,0.11
200104,1.50,0.24
200105,0.00,-0.45
200106,0.00,-0.07
200107,0.00,-0.01
200108,0.00,-0.02
200109,0.11,-0.09
200110,0.20,-0.46
200111,2.89,1.22
200112,4.09,1.28
200201,1.00,-2.45
200202,0.85,-2.47
200203,1.63,-1.18
200204,0.62,-0.64
200205,0.48,0.03
200206,0.00,-0.07
200207,0.00,-0.01
200208,0.00,-0.02
200209,0.00,-0.20
200210,0.00,-0.66
200211,3.09,1.42
200212,7.29,4.48
200301,0.79,-2.66
200302,1.99,-1.33
200303,1.51,-1.30
200304,2.29,1.03
200305,1.31,0.86
200306,0.00,-0.07
200307,0.01,0.00
200308,0.10,0.08
200309,0.00,-0.20
200310,0.11,-0.55
200311,0.77,-0.90
200312,4.79,1.98
200401,1.77,-1.68
200402,5.54,2.22
200403,0.48,-2.33
200404,0.05,-1.21
200405,0.03,-0.42
200406,0.00,-0.07
200407,0.00,-0.01
200408,0.00,-0.02
200409,0.03,-0.17
200410,3.97,3.31
200411,1.01,-0.66
200412,5.59,2.78
200501,5.00,1.55
200502,4.86,1.54
200503,3.66,0.85
200504,1.58,0.32
200505,0.78,0.33
200506,0.20,0.13
200507,0.02,0.01
200508,0.01,-0.01
200509,0.03,-0.17
200510,0.06,-0.60
200511,0.54,-1.13
200512,4.29,1.48
200601,4.18,0.73
200602,1.68,-1.64
200603,5.18,2.37
200604,3.03,1.77
200605,1.20,0.75
200606,0.00,-0.07
200607,0.06,0.05
200608,0.00,-0.02
200609,0.00,-0.20
200610,0.38,-0.28
200611,0.87,-0.80
200612,2.54,-0.27
200701,1.06,-2.39
200702,2.69,-0.63
200703,0.43,-2.38
200704,0.97,-0.29
200705,0.04,-0.41
200706,0.00,-0.07
200707,0.01,0.00
200708,0.03,0.01
200709,0.51,0.31
200710,0.78,0.12
200711,0.41,-1.26
200712,1.49,-1.32
200801,7.54,4.09
200802,2.57,-0.75
200803,0.24,-2.57
200804,0.15,-1.11
200805,0.17,-0.28
200806,0.00,-0.07
200807,0.00,-0.01
200808,0.00,-0.02
200809,0.00,-0.20
200810,0.16,-0.50
200811,1.30,-0.37
200812,2.04,-0.77
200901,2.30,-1.15
200902,4.08,0.76
200903,1.91,-0.90
200904,0.28,-0.98
200905,0.36,-0.09
200906,0.09,0.02
200907,0.00,-0.01
200908,0.02,0.00
200909,0.10,-0.10
200910,2.75,2.09
200911,0.17,-1.50
200912,2.71,-0.10
201001,6.51,3.06
201002,3.56,0.24
201003,1.50,-1.31
201004,4.01,2.75
201005,0.47,0.02
201006,0.00,-0.07
201007,0.01,0.00
201008,0.00,-0.02
201009,0.00,-0.20
201010,1.02,0.36
201011,2.27,0.60
201012,5.75,2.94
201101,2.44,-1.01
201102,4.02,0.70
201103,6.21,3.40
201104,0.40,-0.86
201105,0.82,0.37
201106,0.33,0.26
201107,0.00,-0.01
201108,0.00,-0.02
201109,0.01,-0.19
201110,1.08,0.42
201111,1.89,0.22
201112,0.21,-2.60
201201,1.89,-1.56
201202,0.88,-2.44
201203,3.98,1.17
201204,2.32,1.06
201205,0.03,-0.42
201206,0.09,0.02
201207,0.01,0.00
201208,0.00,-0.02
201209,0.00,-0.20
201210,0.28,-0.38
201211,2.67,1.00
201212,4.55,1.74
201301,1.19,-2.26
201302,0.56,-2.76
201303,0.52,-2.29
201304,0.24,-1.02
201305,0.03,-0.42
201306,0.01,-0.06
201307,0.00,-0.01
201308,0.00,-0.02
201309,0.03,-0.17
201310,0.08,-0.58
201311,0.57,-1.10
201312,0.30,-2.51
201401,0.22,-3.23
201402,3.53,0.21
201403,2.19,-0.62
201404,1.19,-0.07
201405,0.01,-0.44
201406,0.00,-0.07
201407,0.03,0.02
201408,0.00,-0.02
201409,0.10,-0.10
201410,0.25,-0.41
201411,1.86,0.19
201412,6.33,3.52
201501,0.04,-3.41
201502,1.54,-1.78
201503,0.33,-2.48
201504,0.95,-0.31
201505,0.68,0.23
201506,0.02,-0.05
201507,0.03,0.02
201508,0.06,0.04
201509,0.03,-0.17
201510,0.52,-0.14
201511,3.39,1.72
201512,2.53,-0.28
201601,5.78,2.33
201602,0.74,-2.58
201603,4.14,1.33
201604,1.29,0.03
201605,0.28,-0.17
201606,0.00,-0.07
201607,0.00,-0.01
201608,0.01,-0.01
201609,0.00,-0.20
201610,2.00,1.34
201611,1.52,-0.15
201612,1.89,-0.92
201701,9.17,5.72
201702,5.06,1.74
201703,1.68,-1.13
201704,1.22,-0.04
201705,0.11,-0.34
201706,0.03,-0.04
201707,0.02,0.01
201708,0.01,-0.01
201709,0.02,-0.18
201710,0.09,-0.57
201711,0.60,-1.07
201712,0.10,-2.71
201801,3.34,-0.11
201802,0.29,-3.03
201803,5.20,2.39
201804,1.04,-0.22
201805,0.02,-0.43
201806,0.00,-0.07
201807,0.01,0.00
201808,0.00,-0.02
201809,0.00,-0.20
201810,0.17,-0.49
201811,3.51,1.84
201812,2.20,-0.61
201901,3.51,0.06
201902,6.75,3.43
201903,2.40,-0.41
201904,0.37,-0.89
201905,1.44,0.99
201906,0.03,-0.04
201907,0.01,0.00
201908,0.00,-0.02
201909,0.03,-0.17
201910,0.00,-0.66
201911,1.85,0.18
201912,6.58,3.77
202001,1.16,-2.29
202002,0.02,-3.30
202003,3.65,0.84
202004,1.97,0.71
202005,0.30,-0.15
202006,0.00,-0.07
202007,0.01,0.00
202008,0.01,-0.01
202009,0.00,-0.20
202010,0.00,-0.66
202011,0.56,-1.11
202012,1.04,-1.77
202101,5.66,2.21
202102,0.26,-3.06
202103,1.41,-1.40
202104,0.04,-1.22
202105,0.00,-0.45
202106,0.00,-0.07
202107,0.02,0.01
202108,0.00,-0.02
202109,0.01,-0.19
202110,2.00,1.34
202111,0.40,-1.27
202112,6.27,3.46
202201,0.03,-3.42
202202,0.04,-3.28
202203,1.17,-1.64
202204,0.63,-0.63
202205,0.00,-0.45
202206,0.17,0.10
202207,0.00,-0.01
202208,0.02,0.00
202209,0.24,0.04
202210,0.00,-0.66
202211,2.04,0.37
202212,5.91,3.10
202301,7.60,4.15
202302,2.69,-0.63
202303,5.85,3.04
