San Mateo County, California, Precipitation
Units: Inches
Base Period: 1901-2000
Missing: -99
Date,Value,Anomaly
189501,13.60,7.40
189502,2.98,-2.27
189503,3.05,-1.28
189504,2.59,0.67
189505,1.64,0.85
189506,0.00,-0.21
189507,0.12,0.10
189508,0.00,-0.06
189509,0.47,0.21
189510,0.82,-0.52
189511,2.21,-0.95
189512,2.48,-2.63
189601,13.47,7.27
189602,0.31,-4.94
189603,4.14,-0.19
189604,5.51,3.59
189605,1.08,0.29
189606,0.00,-0.21
189607,0.06,0.04
189608,0.39,0.33
189609,0.50,0.24
189610,2.24,0.90
189611,6.66,3.50
189612,5.38,0.27
189701,3.88,-2.32
189702,6.78,1.53
189703,6.28,1.95
189704,0.81,-1.11
189705,0.19,-0.60
189706,0.38,0.17
189707,0.00,-0.02
189708,0.04,-0.02
189709,0.18,-0.08
189710,2.45,1.11
189711,1.48,-1.68
189712,2.53,-2.58
189801,1.85,-4.35
189802,3.87,-1.38
189803,0.80,-3.53
189804,0.36,-1.56
189805,1.75,0.96
189806,0.24,0.03
189807,0.00,-0.02
189808,0.02,-0.04
189809,1.06,0.80
189810,1.26,-0.08
189811,0.92,-2.24
189812,1.86,-3.25
189901,7.79,1.59
189902,0.45,-4.80
189903,10.24,5.91
189904,0.89,-1.03
189905,1.23,0.44
189906,0.27,0.06
189907,0.00,-0.02
189908,0.04,-0.02
189909,0.06,-0.20
189910,6.15,4.81
189911,5.54,2.38
189912,4.39,-0.72
190001,4.75,-1.45
190002,0.90,-4.35
190003,3.05,-1.28
190004,2.61,0.69
190005,1.48,0.69
190006,0.04,-0.17
190007,0.05,0.03
190008,0.01,-0.05
190009,0.12,-0.14
190010,2.57,1.23
190011,9.52,6.36
190012,2.74,-2.37
190101,6.57,0.37
190102,7.80,2.55
190103,1.31,-3.02
190104,3.44,1.52
190105,1.23,0.44
190106,0.00,-0.21
190107,0.00,-0.02
190108,0.00,-0.06
190109,0.80,0.54
190110,1.45,0.11
190111,3.54,0.38
190112,1.36,-3.75
190201,1.80,-4.40
190202,13.13,7.88
190203,4.66,0.33
190204,2.63,0.71
190205,1.43,0.64
190206,0.00,-0.21
190207,0.00,-0.02
190208,0.00,-0.06
190209,0.00,-0.26
190210,2.71,1.37
190211,3.68,0.52
190212,2.72,-2.39
190301,6.06,-0.14
190302,2.55,-2.70
190303,10.45,6.12
190304,0.95,-0.97
190305,0.01,-0.78
190306,0.00,-0.21
190307,0.00,-0.02
190308,0.00,-0.06
190309,0.00,-0.26
190310,0.41,-0.93
190311,5.13,1.97
190312,1.40,-3.71
190401,1.89,-4.31
190402,8.67,3.42
190403,9.30,4.97
190404,3.17,1.25
190405,0.37,-0.42
190406,0.00,-0.21
190407,0.00,-0.02
190408,0.34,0.28
190409,1.32,1.06
190410,3.44,2.10
190411,2.13,-1.03
190412,4.24,-0.87
190501,5.68,-0.52
190502,5.34,0.09
190503,5.97,1.64
190504,1.74,-0.18
190505,3.50,2.71
190506,0.00,-0.21
190507,0.01,-0.01
190508,0.00,-0.06
190509,0.01,-0.25
190510,0.00,-1.34
190511,3.11,-0.05
190512,2.41,-2.70
190601,8.28,2.08
190602,5.74,0.49
190603,10.08,5.75
190604,1.37,-0.55
190605,2.70,1.91
190606,1.02,0.81
190607,0.00,-0.02
190608,0.01,-0.05
190609,0.23,-0.03
190610,0.00,-1.34
190611,2.20,-0.96
190612,12.60,7.49
190701,8.82,2.62
190702,3.52,-1.73
190703,15.89,11.56
190704,0.51,-1.41
190705,0.26,-0.53
190706,1.07,0.86
190707,0.00,-0.02
190708,0.00,-0.06
190709,0.18,-0.08
190710,2.30,0.96
190711,0.05,-3.11
190712,7.16,2.05
190801,4.98,-1.22
190802,5.21,-0.04
190803,2.01,-2.32
190804,0.49,-1.43
190805,0.81,0.02
190806,0.02,-0.19
190807,0.00,-0.02
190808,0.00,-0.06
190809,0.23,-0.03
190810,0.62,-0.72
190811,1.75,-1.41
190812,3.36,-1.75
190901,20.79,14.59
190902,10.09,4.84
190903,4.69,0.36
190904,0.00,-1.92
190905,0.00,-0.79
190906,0.09,-0.12
190907,0.00,-0.02
190908,0.00,-0.06
190909,1.18,0.92
190910,1.20,-0.14
190911,2.50,-0.66
190912,10.09,4.98
191001,5.36,-0.84
191002,2.08,-3.17
191003,5.56,1.23
191004,0.38,-1.54
191005,0.00,-0.79
191006,0.04,-0.17
191007,0.00,-0.02
191008,0.00,-0.06
191009,0.12,-0.14
191010,0.74,-0.60
191011,0.61,-2.55
191012,2.49,-2.62
191101,17.16,10.96
191102,3.60,-1.65
191103,6.94,2.61
191104,2.08,0.16
191105,0.65,-0.14
191106,0.13,-0.08
191107,0.00,-0.02
191108,0.00,-0.06
191109,0.00,-0.26
191110,0.64,-0.70
191111,1.19,-1.97
191112,4.01,-1.10
191201,4.71,-1.49
191202,0.76,-4.49
191203,5.26,0.93
191204,2.87,0.95
191205,1.81,1.02
191206,0.97,0.76
191207,0.00,-0.02
191208,0.00,-0.06
191209,0.97,0.71
191210,0.65,-0.69
191211,1.44,-1.72
191212,1.29,-3.82
191301,5.51,-0.69
191302,0.67,-4.58
191303,2.80,-1.53
191304,0.64,-1.28
191305,1.13,0.34
191306,0.05,-0.16
191307,0.15,0.13
191308,0.03,-0.03
191309,0.00,-0.26
191310,0.06,-1.28
191311,7.51,4.35
191312,8.73,3.62
191401,15.02,8.82
191402,6.06,0.81
191403,1.13,-3.20
191404,1.37,-0.55
191405,0.40,-0.39
191406,0.46,0.25
191407,0.03,0.01
191408,0.00,-0.06
191409,0.01,-0.25
191410,1.25,-0.09
191411,0.90,-2.26
191412,8.72,3.61
191501,8.46,2.26
191502,12.06,6.81
191503,3.05,-1.28
191504,1.20,-0.72
191505,4.32,3.53
191506,0.00,-0.21
191507,0.01,-0.01
191508,0.01,-0.05
191509,0.01,-0.25
191510,0.02,-1.32
191511,0.82,-2.34
191512,9.73,4.62
191601,18.73,12.53
191602,3.77,-1.48
191603,1.75,-2.58
191604,0.11,-1.81
191605,0.08,-0.71
191606,0.02,-0.19
191607,0.06,0.04
191608,0.13,0.07
191609,0.99,0.73
191610,1.08,-0.26
191611,1.05,-2.11
191612,5.96,0.85
191701,2.23,-3.97
191702,6.72,1.47
191703,1.48,-2.85
191704,0.56,-1.36
191705,0.47,-0.32
191706,0.00,-0.21
191707,0.00,-0.02
191708,0.00,-0.06
191709,0.10,-0.16
191710,0.00,-1.34
191711,0.88,-2.28
191712,1.50,-3.61
191801,1.24,-4.96
191802,4.97,-0.28
191803,5.01,0.68
191804,0.78,-1.14
191805,0.02,-0.77
191806,0.01,-0.20
191807,0.00,-0.02
191808,0.02,-0.04
191809,1.32,1.06
191810,0.36,-0.98
191811,4.86,1.70
191812,2.90,-2.21
191901,2.36,-3.84
191902,11.23,5.98
191903,4.39,0.06
191904,0.15,-1.77
191905,0.02,-0.77
191906,0.00,-0.21
191907,0.00,-0.02
191908,0.00,-0.06
191909,0.77,0.51
191910,0.43,-0.91
191911,0.29,-2.87
191912,5.84,0.73
192001,0.96,-5.24
192002,1.60,-3.65
192003,6.08,1.75
192004,2.64,0.72
192005,0.00,-0.79
192006,0.47,0.26
192007,0.01,-0.01
192008,0.07,0.01
192009,0.12,-0.14
192010,2.99,1.65
192011,4.40,1.24
192012,8.15,3.04
192101,7.94,1.74
192102,1.97,-3.28
192103,2.23,-2.10
192104,0.91,-1.01
192105,1.18,0.39
192106,0.03,-0.18
192107,0.00,-0.02
192108,0.00,-0.06
192109,0.25,-0.01
192110,0.52,-0.82
192111,2.04,-1.12
192112,10.98,5.87
192201,3.42,-2.78
192202,7.21,1.96
192203,3.61,-0.72
192204,0.58,-1.34
192205,0.85,0.06
192206,0.19,-0.02
192207,0.00,-0.02
192208,0.00,-0.06
192209,0.00,-0.26
192210,2.81,1.47
192211,4.91,1.75
192212,10.16,5.05
192301,4.05,-2.15
192302,1.34,-3.91
192303,0.21,-4.12
192304,4.54,2.62
192305,0.03,-0.76
192306,0.40,0.19
192307,0.00,-0.02
192308,0.03,-0.03
192309,0.83,0.57
192310,0.55,-0.79
192311,0.55,-2.61
192312,1.93,-3.18
192401,3.53,-2.67
192402,2.50,-2.75
192403,2.28,-2.05
192404,0.47,-1.45
192405,0.03,-0.76
192406,0.00,-0.21
192407,0.00,-0.02
192408,0.01,-0.05
192409,0.02,-0.24
192410,3.20,1.86
192411,2.38,-0.78
192412,5.68,0.57
192501,1.78,-4.42
192502,8.81,3.56
192503,3.22,-1.11
192504,2.90,0.98
192505,3.97,3.18
192506,0.07,-0.14
192507,0.10,0.08
192508,0.00,-0.06
192509,0.36,0.10
192510,0.30,-1.04
192511,2.11,-1.05
192512,1.88,-3.23
192601,5.66,-0.54
192602,8.64,3.39
192603,0.75,-3.58
192604,6.11,4.19
192605,0.16,-0.63
192606,0.00,-0.21
192607,0.00,-0.02
192608,0.02,-0.04
192609,0.00,-0.26
192610,1.97,0.63
192611,7.66,4.50
192612,1.60,-3.51
192701,4.14,-2.06
192702,8.32,3.07
192703,2.54,-1.79
192704,2.61,0.69
192705,0.11,-0.68
192706,0.32,0.11
192707,0.00,-0.02
192708,0.00,-0.06
192709,0.02,-0.24
192710,1.85,0.51
192711,3.58,0.42
192712,4.47,-0.64
192801,2.36,-3.84
192802,2.86,-2.39
192803,5.77,1.44
192804,1.86,-0.06
192805,0.40,-0.39
192806,0.00,-0.21
192807,0.00,-0.02
192808,0.00,-0.06
192809,0.01,-0.25
192810,0.04,-1.30
192811,3.72,0.56
192812,4.94,-0.17
192901,1.33,-4.87
192902,2.04,-3.21
192903,1.80,-2.53
192904,1.75,-0.17
192905,0.06,-0.73
192906,1.08,0.87
192907,0.00,-0.02
192908,0.00,-0.06
192909,0.01,-0.25
192910,0.02,-1.32
192911,0.00,-3.16
192912,3.52,-1.59
193001,6.45,0.25
193002,4.00,-1.25
193003,3.72,-0.61
193004,1.48,-0.44
193005,0.46,-0.33
193006,0.00,-0.21
193007,0.00,-0.02
193008,0.15,0.09
193009,0.20,-0.06
193010,0.79,-0.55
193011,2.43,-0.73
193012,0.48,-4.63
193101,6.31,0.11
193102,1.54,-3.71
193103,1.61,-2.72
193104,0.56,-1.36
193105,1.61,0.82
193106,0.87,0.66
193107,0.02,0.00
193108,0.00,-0.06
193109,0.00,-0.26
193110,1.24,-0.10
193111,2.96,-0.20
193112,12.55,7.44
193201,4.12,-2.08
193202,4.82,-0.43
193203,0.69,-3.64
193204,0.75,-1.17
193205,0.50,-0.29
193206,0.01,-0.20
193207,0.01,-0.01
193208,0.00,-0.06
193209,0.00,-0.26
193210,0.05,-1.29
193211,0.83,-2.33
193212,3.90,-1.21
193301,8.35,2.15
193302,1.11,-4.14
193303,3.62,-0.71
193304,0.21,-1.71
193305,1.83,1.04
193306,0.04,-0.17
193307,0.00,-0.02
193308,0.00,-0.06
193309,0.04,-0.22
193310,2.31,0.97
193311,0.00,-3.16
193312,7.35,2.24
193401,1.57,-4.63
193402,5.88,0.63
193403,0.02,-4.31
193404,0.54,-1.38
193405,0.89,0.10
193406,0.97,0.76
193407,0.01,-0.01
193408,0.00,-0.06
193409,0.39,0.13
193410,1.11,-0.23
193411,4.81,1.65
193412,5.12,0.01
193501,8.09,1.89
193502,1.71,-3.54
193503,5.53,1.20
193504,5.67,3.75
193505,0.00,-0.79
193506,0.00,-0.21
193507,0.00,-0.02
193508,0.39,0.33
193509,0.05,-0.21
193510,1.57,0.23
193511,0.71,-2.45
193512,3.18,-1.93
193601,6.06,-0.14
193602,12.23,6.98
193603,1.37,-2.96
193604,2.00,0.08
193605,0.83,0.04
193606,0.56,0.35
193607,0.08,0.06
193608,0.00,-0.06
193609,0.00,-0.26
193610,0.79,-0.55
193611,0.02,-3.14
193612,6.58,1.47
193701,6.78,0.58
193702,7.81,2.56
193703,10.16,5.83
193704,1.17,-0.75
193705,0.04,-0.75
193706,0.54,0.33
193707,0.00,-0.02
193708,0.00,-0.06
193709,0.00,-0.26
193710,1.19,-0.15
193711,4.16,1.00
193712,7.22,2.11
193801,5.11,-1.09
193802,12.25,7.00
193803,8.78,4.45
193804,2.32,0.40
193805,0.04,-0.75
193806,0.00,-0.21
193807,0.01,-0.01
193808,0.00,-0.06
193809,0.14,-0.12
193810,1.98,0.64
193811,1.84,-1.32
193812,1.96,-3.15
193901,4.50,-1.70
193902,2.95,-2.30
193903,3.04,-1.29
193904,0.74,-1.18
193905,1.27,0.48
193906,0.00,-0.21
193907,0.00,-0.02
193908,0.00,-0.06
193909,0.64,0.38
193910,1.02,-0.32
193911,0.55,-2.61
193912,1.38,-3.73
194001,14.45,8.25
194002,11.77,6.52
194003,6.72,2.39
194004,0.65,-1.27
194005,0.64,-0.15
194006,0.01,-0.20
194007,0.01,-0.01
194008,0.10,0.04
194009,0.33,0.07
194010,1.29,-0.05
194011,1.08,-2.08
194012,9.65,4.54
194101,9.23,3.03
194102,9.41,4.16
194103,6.29,1.96
194104,6.01,4.09
194105,1.24,0.45
194106,0.09,-0.12
194107,0.03,0.01
194108,0.01,-0.05
194109,0.01,-0.25
194110,1.25,-0.09
194111,1.94,-1.22
194112,10.41,5.30
194201,7.57,1.37
194202,4.74,-0.51
194203,3.46,-0.87
194204,5.03,3.11
194205,1.91,1.12
194206,0.00,-0.21
194207,0.01,-0.01
194208,0.00,-0.06
194209,0.17,-0.09
194210,1.41,0.07
194211,5.39,2.23
194212,3.77,-1.34
194301,9.09,2.89
194302,3.24,-2.01
194303,4.58,0.25
194304,2.06,0.14
194305,0.03,-0.76
194306,0.08,-0.13
194307,0.00,-0.02
194308,0.00,-0.06
194309,0.00,-0.26
194310,1.10,-0.24
194311,1.04,-2.12
194312,2.88,-2.23
194401,4.57,-1.63
194402,8.23,2.98
194403,1.43,-2.90
194404,2.21,0.29
194405,1.06,0.27
194406,0.16,-0.05
194407,0.01,-0.01
194408,0.00,-0.06
194409,0.01,-0.25
194410,2.97,1.63
194411,6.84,3.68
194412,4.23,-0.88
194501,0.98,-5.22
194502,6.78,1.53
194503,4.82,0.49
194504,0.47,-1.45
194505,0.91,0.12
194506,0.03,-0.18
194507,0.01,-0.01
194508,0.00,-0.06
194509,0.01,-0.25
194510,3.11,1.77
194511,3.88,0.72
194512,9.21,4.10
194601,1.72,-4.48
194602,3.06,-2.19
194603,3.16,-1.17
194604,0.11,-1.81
194605,0.82,0.03
194606,0.00,-0.21
194607,0.09,0.07
194608,0.00,-0.06
194609,0.06,-0.20
194610,0.19,-1.15
194611,4.93,1.77
194612,3.36,-1.75
194701,1.13,-5.07
194702,2.48,-2.77
194703,4.17,-0.16
194704,0.35,-1.57
194705,0.46,-0.33
194706,0.67,0.46
194707,0.00,-0.02
194708,0.00,-0.06
194709,0.00,-0.26
194710,3.81,2.47
194711,1.12,-2.04
194712,1.79,-3.32
194801,0.83,-5.37
194802,2.36,-2.89
194803,4.01,-0.32
194804,5.25,3.33
194805,0.90,0.11
194806,0.06,-0.15
194807,0.02,0.00
194808,0.00,-0.06
194809,0.03,-0.23
194810,0.45,-0.89
194811,0.69,-2.47
194812,6.15,1.04
194901,1.93,-4.27
194902,4.70,-0.55
194903,6.77,2.44
194904,0.00,-1.92
194905,0.75,-0.04
194906,0.00,-0.21
194907,0.08,0.06
194908,0.24,0.18
194909,0.07,-0.19
194910,0.10,-1.24
194911,2.26,-0.90
194912,2.85,-2.26
195001,9.86,3.66
195002,3.47,-1.78
195003,2.61,-1.72
195004,1.80,-0.12
195005,0.65,-0.14
195006,0.09,-0.12
195007,0.00,-0.02
195008,0.00,-0.06
195009,0.10,-0.16
195010,2.77,1.43
195011,9.39,6.23
195012,8.04,2.93
195101,5.08,-1.12
195102,3.19,-2.06
195103,2.54,-1.79
195104,1.22,-0.70
195105,0.98,0.19
195106,0.09,-0.12
195107,0.01,-0.01
195108,0.14,0.08
195109,0.05,-0.21
195110,1.53,0.19
195111,4.20,1.04
195112,12.27,7.16
195201,12.19,5.99
195202,3.28,-1.97
195203,7.02,2.69
195204,1.25,-0.67
195205,0.33,-0.46
195206,0.51,0.30
195207,0.07,0.05
195208,0.00,-0.06
195209,0.06,-0.20
195210,0.12,-1.22
195211,3.34,0.18
195212,12.61,7.50
195301,4.80,-1.40
195302,0.08,-5.17
195303,3.04,-1.29
195304,2.91,0.99
195305,0.72,-0.07
195306,0.46,0.25
195307,0.00,-0.02
195308,0.21,0.15
195309,0.00,-0.26
195310,0.58,-0.76
195311,3.47,0.31
195312,1.01,-4.10
195401,5.00,-1.20
195402,3.61,-1.64
195403,5.81,1.48
195404,1.99,0.07
195405,0.15,-0.64
195406,0.41,0.20
195407,0.03,0.01
195408,0.16,0.10
195409,0.02,-0.24
195410,0.14,-1.20
195411,3.27,0.11
195412,6.57,1.46
195501,6.03,-0.17
195502,2.31,-2.94
195503,0.36,-3.97
195504,2.74,0.82
195505,0.54,-0.25
195506,0.01,-0.20
195507,0.05,0.03
195508,0.00,-0.06
195509,0.04,-0.22
195510,0.06,-1.28
195511,2.64,-0.52
195512,19.45,14.34
195601,10.86,4.66
195602,3.25,-2.00
195603,0.24,-4.09
195604,2.11,0.19
195605,1.22,0.43
195606,0.05,-0.16
195607,0.03,0.01
195608,0.06,0.00
195609,0.36,0.10
195610,2.07,0.73
195611,0.04,-3.12
195612,0.80,-4.31
195701,4.57,-1.63
195702,5.61,0.36
195703,3.55,-0.78
195704,1.93,0.01
195705,4.15,3.36
195706,0.05,-0.16
195707,0.00,-0.02
195708,0.00,-0.06
195709,1.02,0.76
195710,3.19,1.85
195711,1.39,-1.77
195712,5.39,0.28
195801,7.03,0.83
195802,12.40,7.15
195803,9.63,5.30
195804,7.64,5.72
195805,0.48,-0.31
195806,0.59,0.38
195807,0.07,0.05
195808,0.01,-0.05
195809,0.14,-0.12
195810,0.13,-1.21
195811,0.49,-2.67
195812,1.75,-3.36
195901,6.87,0.67
195902,6.48,1.23
195903,0.57,-3.76
195904,0.44,-1.48
195905,0.09,-0.70
195906,0.01,-0.20
195907,0.00,-0.02
195908,0.07,0.01
195909,1.31,1.05
195910,0.04,-1.30
195911,0.00,-3.16
195912,1.94,-3.17
196001,6.03,-0.17
196002,5.44,0.19
196003,2.17,-2.16
196004,1.36,-0.56
196005,0.75,-0.04
196006,0.00,-0.21
196007,0.01,-0.01
196008,0.00,-0.06
196009,0.01,-0.25
196010,0.47,-0.87
196011,4.99,1.83
196012,1.81,-3.30
196101,2.92,-3.28
196102,1.72,-3.53
196103,3.97,-0.36
196104,1.38,-0.54
196105,1.12,0.33
196106,0.10,-0.11
196107,0.01,-0.01
196108,0.10,0.04
196109,0.38,0.12
196110,0.17,-1.17
196111,4.31,1.15
196112,2.78,-2.33
196201,2.43,-3.77
196202,10.48,5.23
196203,4.10,-0.23
196204,0.61,-1.31
196205,0.08,-0.71
196206,0.04,-0.17
196207,0.02,0.00
196208,0.15,0.09
196209,0.16,-0.10
196210,7.06,5.72
196211,0.73,-2.43
196212,3.79,-1.32
196301,5.50,-0.70
196302,4.88,-0.37
196303,5.27,0.94
196304,5.83,3.91
196305,0.84,0.05
196306,0.03,-0.18
196307,0.00,-0.02
196308,0.02,-0.04
196309,0.28,0.02
196310,2.11,0.77
196311,5.76,2.60
196312,0.67,-4.44
196401,5.75,-0.45
196402,0.34,-4.91
196403,2.58,-1.75
196404,0.26,-1.66
196405,0.78,-0.01
196406,0.75,0.54
196407,0.04,0.02
196408,0.11,0.05
196409,0.00,-0.26
196410,1.48,0.14
196411,5.10,1.94
196412,9.89,4.78
196501,5.62,-0.58
196502,1.31,-3.94
196503,2.73,-1.60
196504,4.75,2.83
196505,0.01,-0.78
196506,0.03,-0.18
196507,0.02,0.00
196508,0.21,0.15
196509,0.02,-0.24
196510,0.13,-1.21
196511,7.10,3.94
196512,5.68,0.57
196601,3.58,-2.62
196602,3.16,-2.09
196603,0.77,-3.56
196604,0.83,-1.09
196605,0.20,-0.59
196606,0.09,-0.12
196607,0.11,0.09
196608,0.17,0.11
196609,0.14,-0.12
196610,0.01,-1.33
196611,6.18,3.02
196612,4.91,-0.20
196701,12.68,6.48
196702,0.36,-4.89
196703,7.47,3.14
196704,6.83,4.91
196705,0.34,-0.45
196706,0.96,0.75
196707,0.00,-0.02
196708,0.00,-0.06
196709,0.04,-0.22
196710,0.60,-0.74
196711,1.91,-1.25
196712,3.94,-1.17
196801,7.20,1.00
196802,2.53,-2.72
196803,4.56,0.23
196804,0.97,-0.95
196805,0.48,-0.31
196806,0.02,-0.19
196807,0.00,-0.02
196808,0.26,0.20
196809,0.02,-0.24
196810,0.80,-0.54
196811,3.41,0.25
196812,6.39,1.28
196901,12.40,6.20
196902,10.63,5.38
196903,2.15,-2.18
196904,2.66,0.74
196905,0.03,-0.76
196906,0.24,0.03
196907,0.01,-0.01
196908,0.00,-0.06
196909,0.06,-0.20
196910,2.14,0.80
196911,0.99,-2.17
196912,6.50,1.39
197001,11.21,5.01
197002,2.68,-2.57
197003,2.19,-2.14
197004,0.32,-1.60
197005,0.10,-0.69
197006,0.39,0.18
197007,0.00,-0.02
197008,0.00,-0.06
197009,0.00,-0.26
197010,1.06,-0.28
197011,9.11,5.95
197012,9.38,4.27
197101,1.91,-4.29
197102,0.69,-4.56
197103,3.78,-0.55
197104,1.34,-0.58
197105,0.41,-0.38
197106,0.02,-0.19
197107,0.02,0.00
197108,0.09,0.03
197109,0.34,0.08
197110,0.19,-1.15
197111,2.23,-0.93
197112,6.62,1.51
197201,1.75,-4.45
197202,2.06,-3.19
197203,0.28,-4.05
197204,1.67,-0.25
197205,0.06,-0.73
197206,0.22,0.01
197207,0.03,0.01
197208,0.02,-0.04
197209,0.80,0.54
197210,5.23,3.89
197211,8.47,5.31
197212,3.43,-1.68
197301,10.58,4.38
197302,9.28,4.03
197303,4.02,-0.31
197304,0.16,-1.76
197305,0.06,-0.73
197306,0.00,-0.21
197307,0.00,-0.02
197308,0.01,-0.05
197309,0.41,0.15
197310,2.62,1.28
197311,10.05,6.89
197312,6.73,1.62
197401,4.67,-1.53
197402,2.08,-3.17
197403,7.27,2.94
197404,3.71,1.79
197405,0.03,-0.76
197406,0.24,0.03
197407,0.16,0.14
197408,0.02,-0.04
197409,0.00,-0.26
197410,1.71,0.37
197411,1.15,-2.01
197412,3.60,-1.51
197501,2.72,-3.48
197502,6.02,0.77
197503,7.66,3.33
197504,2.31,0.39
197505,0.04,-0.75
197506,0.15,-0.06
197507,0.14,0.12
197508,0.30,0.24
197509,0.01,-0.25
197510,3.56,2.22
197511,0.73,-2.43
197512,0.48,-4.63
197601,0.43,-5.77
197602,2.37,-2.88
197603,1.86,-2.47
197604,1.74,-0.18
197605,0.07,-0.72
197606,0.10,-0.11
197607,0.03,0.01
197608,0.41,0.35
197609,0.75,0.49
197610,0.46,-0.88
197611,1.64,-1.52
197612,2.20,-2.91
197701,2.20,-4.00
197702,1.47,-3.78
197703,2.94,-1.39
197704,0.12,-1.80
197705,1.42,0.63
197706,0.05,-0.16
197707,0.07,0.05
197708,0.03,-0.03
197709,1.01,0.75
197710,0.54,-0.80
197711,3.06,-0.10
197712,6.46,1.35
197801,11.83,5.63
197802,5.94,0.69
197803,6.54,2.21
197804,5.30,3.38
197805,0.03,-0.76
197806,0.01,-0.20
197807,0.00,-0.02
197808,0.01,-0.05
197809,0.53,0.27
197810,0.00,-1.34
197811,3.06,-0.10
197812,0.98,-4.13
197901,8.29,2.09
197902,7.20,1.95
197903,4.51,0.18
197904,1.17,-0.75
197905,0.57,-0.22
197906,0.01,-0.20
197907,0.10,0.08
197908,0.06,0.00
197909,0.01,-0.25
197910,3.42,2.08
197911,3.27,0.11
197912,6.36,1.25
198001,6.47,0.27
198002,9.73,4.48
198003,2.67,-1.66
198004,2.13,0.21
198005,0.38,-0.41
198006,0.07,-0.14
198007,0.10,0.08
198008,0.02,-0.04
198009,0.02,-0.24
198010,0.12,-1.22
198011,0.41,-2.75
198012,2.99,-2.12
198101,7.53,1.33
198102,2.59,-2.66
198103,6.04,1.71
198104,0.35,-1.57
198105,0.29,-0.50
198106,0.00,-0.21
198107,0.03,0.01
198108,0.02,-0.04
198109,0.30,0.04
198110,3.25,1.91
198111,8.19,5.03
198112,6.07,0.96
198201,11.51,5.31
198202,4.50,-0.75
198203,9.88,5.55
198204,5.44,3.52
198205,0.00,-0.79
198206,0.30,0.09
198207,0.02,0.00
198208,0.03,-0.03
198209,1.18,0.92
198210,3.37,2.03
198211,7.79,4.63
198212,5.62,0.51
198301,10.25,4.05
198302,10.32,5.07
198303,13.36,9.03
198304,5.24,3.32
198305,0.78,-0.01
198306,0.04,-0.17
198307,0.04,0.02
198308,0.15,0.09
198309,0.72,0.46
198310,0.71,-0.63
198311,9.64,6.48
198312,8.99,3.88
198401,0.46,-5.74
198402,2.53,-2.72
198403,2.24,-2.09
198404,1.11,-0.81
198405,0.13,-0.66
198406,0.27,0.06
198407,0.01,-0.01
198408,0.11,0.05
198409,0.14,-0.12
198410,3.12,1.78
198411,9.31,6.15
198412,3.23,-1.88
198501,1.05,-5.15
198502,2.84,-2.41
198503,5.76,1.43
198504,0.23,-1.69
198505,0.29,-0.50
198506,0.30,0.09
198507,0.12,0.10
198508,0.02,-0.04
198509,0.48,0.22
198510,1.21,-0.13
198511,4.47,1.31
198512,3.36,-1.75
198601,5.22,-0.98
198602,13.16,7.91
198603,7.95,3.62
198604,0.78,-1.14
198605,0.46,-0.33
198606,0.01,-0.20
198607,0.07,0.05
198608,0.01,-0.05
198609,1.17,0.91
198610,0.14,-1.20
198611,0.23,-2.93
198612,2.24,-2.87
198701,4.45,-1.75
198702,5.25,0.00
198703,3.86,-0.47
198704,0.48,-1.44
198705,0.05,-0.74
198706,0.03,-0.18
198707,0.01,-0.01
198708,0.02,-0.04
198709,0.00,-0.26
198710,1.51,0.17
198711,2.50,-0.66
198712,6.49,1.38
198801,4.74,-1.46
198802,0.59,-4.66
198803,0.16,-4.17
198804,2.58,0.66
198805,0.80,0.01
198806,0.26,0.05
198807,0.01,-0.01
198808,0.02,-0.04
198809,0.02,-0.24
198810,0.48,-0.86
198811,3.85,0.69
198812,5.31,0.20
198901,2.08,-4.12
198902,1.65,-3.60
198903,6.53,2.20
198904,1.27,-0.65
198905,0.18,-0.61
198906,0.06,-0.15
198907,0.00,-0.02
198908,0.04,-0.02
198909,0.98,0.72
198910,2.24,0.90
198911,1.91,-1.25
198912,0.05,-5.06
199001,4.21,-1.99
199002,3.31,-1.94
199003,1.45,-2.88
199004,0.49,-1.43
199005,3.02,2.23
199006,0.02,-0.19
199007,0.05,0.03
199008,0.06,0.00
199009,0.19,-0.07
199010,0.38,-0.96
199011,0.57,-2.59
199012,2.76,-2.35
199101,0.49,-5.71
199102,3.87,-1.38
199103,11.24,6.91
199104,0.75,-1.17
199105,0.43,-0.36
199106,0.26,0.05
199107,0.03,0.01
199108,0.35,0.29
199109,0.09,-0.17
199110,2.66,1.32
199111,0.91,-2.25
199112,4.05,-1.06
199201,2.72,-3.48
199202,10.25,5.00
199203,5.16,0.83
199204,0.48,-1.44
199205,0.02,-0.77
199206,0.66,0.45
199207,0.01,-0.01
199208,0.11,0.05
199209,0.04,-0.22
199210,2.25,0.91
199211,0.28,-2.88
199212,8.71,3.60
199301,12.96,6.76
199302,6.80,1.55
199303,3.45,-0.88
199304,1.19,-0.73
199305,1.11,0.32
199306,0.49,0.28
199307,0.01,-0.01
199308,0.02,-0.04
199309,0.02,-0.24
199310,0.54,-0.80
199311,2.59,-0.57
199312,3.61,-1.50
199401,2.94,-3.26
199402,6.28,1.03
199403,0.59,-3.74
199404,2.13,0.21
199405,1.89,1.10
199406,0.06,-0.15
199407,0.02,0.00
199408,0.01,-0.05
199409,0.06,-0.20
199410,0.59,-0.75
199411,7.64,4.48
199412,3.43,-1.68
199501,13.91,7.71
199502,0.45,-4.80
199503,12.12,7.79
199504,2.66,0.74
199505,1.86,1.07
199506,0.91,0.70
199507,0.01,-0.01
199508,0.00,-0.06
199509,0.02,-0.24
199510,0.03,-1.31
199511,0.15,-3.01
199512,9.24,4.13
199601,8.51,2.31
199602,8.54,3.29
199603,3.45,-0.88
199604,2.14,0.22
199605,2.32,1.53
199606,0.04,-0.17
199607,0.01,-0.01
199608,0.00,-0.06
199609,0.06,-0.20
199610,1.27,-0.07
199611,4.15,0.99
199612,10.76,5.65
199701,11.32,5.12
199702,0.40,-4.85
199703,0.62,-3.71
199704,0.74,-1.18
199705,0.44,-0.35
199706,0.43,0.22
199707,0.00,-0.02
199708,0.39,0.33
199709,0.03,-0.23
199710,1.00,-0.34
199711,9.22,6.06
199712,3.89,-1.22
199801,12.76,6.56
199802,17.74,12.49
199803,3.58,-0.75
199804,3.02,1.10
199805,3.99,3.20
199806,0.21,0.00
199807,0.04,0.02
199808,0.01,-0.05
199809,0.16,-0.10
199810,0.97,-0.37
199811,4.63,1.47
199812,1.85,-3.26
199901,6.16,-0.04
199902,7.85,2.60
199903,4.12,-0.21
199904,2.62,0.70
199905,0.15,-0.64
199906,0.28,0.07
199907,0.00,-0.02
199908,0.12,0.06
199909,0.27,0.01
199910,0.59,-0.75
199911,2.66,-0.50
199912,0.75,-4.36
200001,8.91,2.71
200002,12.07,6.82
200003,2.61,-1.72
200004,2.21,0.29
200005,1.40,0.61
200006,0.31,0.10
200007,0.01,-0.01
200008,0.04,-0.02
200009,0.32,0.06
200010,3.51,2.17
200011,1.16,-2.00
200012,0.90,-4.21
200101,5.26,-0.94
200102,7.34,2.09
200103,2.34,-1.99
200104,2.25,0.33
200105,0.00,-0.79
200106,0.14,-0.07
200107,0.04,0.02
200108,0.05,-0.01
200109,0.18,-0.08
200110,0.55,-0.79
200111,6.40,3.24
200112,10.57,5.46
200201,2.12,-4.08
200202,2.22,-3.03
200203,3.29,-1.04
200204,0.55,-1.37
200205,0.90,0.11
200206,0.05,-0.16
200207,0.01,-0.01
200208,0.02,-0.04
200209,0.01,-0.25
200210,0.04,-1.30
200211,3.59,0.43
200212,14.84,9.73
200301,1.58,-4.62
200302,2.75,-2.50
200303,1.79,-2.54
200304,5.59,3.67
200305,1.13,0.34
200306,0.02,-0.19
200307,0.00,-0.02
200308,0.02,-0.04
200309,0.04,-0.22
200310,0.10,-1.24
200311,2.65,-0.51
200312,9.31,4.20
200401,3.84,-2.36
200402,7.18,1.93
200403,1.07,-3.26
200404,0.33,-1.59
200405,0.10,-0.69
200406,0.02,-0.19
200407,0.03,0.01
200408,0.07,0.01
200409,0.10,-0.16
200410,4.17,2.83
200411,1.70,-1.46
200412,9.03,3.92
200501,5.57,-0.63
200502,5.59,0.34
200503,6.31,1.98
200504,2.54,0.62
200505,1.97,1.18
200506,0.78,0.57
200507,0.02,0.00
200508,0.02,-0.04
200509,0.14,-0.12
200510,0.47,-0.87
200511,1.79,-1.37
200512,12.30,7.19
200601,4.86,-1.34
200602,3.09,-2.16
200603,10.83,6.50
200604,5.96,4.04
200605,0.57,-0.22
200606,0.02,-0.19
200607,0.01,-0.01
200608,0.00,-0.06
200609,0.01,-0.25
200610,0.57,-0.77
200611,2.43,-0.73
200612,4.47,-0.64
200701,1.18,-5.02
200702,6.30,1.05
200703,0.70,-3.63
200704,1.33,-0.59
200705,0.40,-0.39
200706,0.01,-0.20
200707,0.06,0.04
200708,0.01,-0.05
200709,0.30,0.04
200710,2.13,0.79
200711,0.85,-2.31
200712,3.39,-1.72
200801,10.67,4.47
200802,4.07,-1.18
200803,0.29,-4.04
200804,0.21,-1.71
200805,0.02,-0.77
200806,0.00,-0.21
200807,0.01,-0.01
200808,0.01,-0.05
200809,0.01,-0.25
200810,0.64,-0.70
200811,3.14,-0.02
200812,3.33,-1.78
200901,1.47,-4.73
200902,9.32,4.07
200903,3.34,-0.99
200904,0.44,-1.48
200905,1.12,0.33
200906,0.11,-0.10
200907,0.02,0.00
200908,0.03,-0.03
200909,0.27,0.01
200910,4.38,3.04
200911,0.49,-2.67
200912,3.43,-1.68
201001,8.14,1.94
201002,4.38,-0.87
201003,3.47,-0.86
201004,4.48,2.56
201005,1.29,0.50
201006,0.05,-0.16
201007,0.00,-0.02
201008,0.03,-0.03
201009,0.04,-0.22
201010,1.50,0.16
201011,3.66,0.50
201012,8.42,3.31
201101,1.64,-4.56
201102,5.94,0.69
201103,8.42,4.09
201104,0.61,-1.31
201105,1.14,0.35
201106,1.07,0.86
201107,0.03,0.01
201108,0.01,-0.05
201109,0.01,-0.25
201110,2.02,0.68
201111,1.81,-1.35
201112,0.24,-4.87
201201,3.43,-2.77
201202,1.53,-3.72
201203,7.40,3.07
201204,3.75,1.83
201205,0.07,-0.72
201206,0.25,0.04
201207,0.02,0.00
201208,0.01,-0.05
201209,0.01,-0.25
201210,1.52,0.18
201211,5.83,2.67
201212,9.35,4.24
201301,0.61,-5.59
201302,0.72,-4.53
201303,1.23,-3.10
201304,0.92,-1.00
201305,0.09,-0.70
201306,0.17,-0.04
201307,0.00,-0.02
201308,0.01,-0.05
201309,0.60,0.34
201310,0.05,-1.29
201311,1.23,-1.93
201312,0.56,-4.55
201401,0.07,-6.13
201402,5.98,0.73
201403,2.78,-1.55
201404,1.83,-0.09
201405,0.08,-0.71
201406,0.01,-0.20
201407,0.04,0.02
201408,0.02,-0.04
201409,0.53,0.27
201410,0.74,-0.60
201411,2.59,-0.57
201412,13.88,8.77
201501,0.01,-6.19
201502,3.26,-1.99
201503,0.26,-4.07
201504,1.51,-0.41
201505,0.28,-0.51
201506,0.19,-0.02
201507,0.05,0.03
201508,0.01,-0.05
201509,0.04,-0.22
201510,0.10,-1.24
201511,2.42,-0.74
201512,5.94,0.83
201601,8.05,1.85
201602,1.23,-4.02
201603,8.73,4.40
201604,2.15,0.23
201605,0.19,-0.60
201606,0.01,-0.20
201607,0.02,0.00
201608,0.01,-0.05
201609,0.00,-0.26
201610,4.78,3.44
201611,2.51,-0.65
201612,5.40,0.29
201701,13.98,7.78
201702,10.91,5.66
201703,4.00,-0.33
201704,3.28,1.36
201705,0.01,-0.78
201706,0.09,-0.12
201707,0.00,-0.02
201708,0.01,-0.05
201709,0.15,-0.11
201710,0.37,-0.97
201711,3.86,0.70
201712,0.13,-4.98
201801,6.24,0.04
201802,0.47,-4.78
201803,6.01,1.68
201804,3.13,1.21
201805,0.11,-0.68
201806,0.01,-0.20
201807,0.01,-0.01
201808,0.00,-0.06
201809,0.01,-0.25
201810,0.12,-1.22
201811,4.06,0.90
201812,2.56,-2.55
201901,6.54,0.34
201902,10.48,5.23
201903,6.03,1.70
201904,0.87,-1.05
201905,2.96,2.17
201906,0.03,-0.18
201907,0.01,-0.01
201908,0.01,-0.05
201909,0.11,-0.15
201910,0.01,-1.33
201911,1.66,-1.50
201912,5.62,0.51
202001,2.40,-3.80
202002,0.00,-5.25
202003,2.68,-1.65
202004,1.94,0.02
202005,0.70,-0.09
202006,0.02,-0.19
202007,0.01,-0.01
202008,0.09,0.03
202009,0.00,-0.26
202010,0.00,-1.34
202011,0.84,-2.32
202012,2.27,-2.84
202101,3.89,-2.31
202102,1.88,-3.37
202103,1.94,-2.39
202104,0.08,-1.84
202105,0.01,-0.78
202106,0.03,-0.18
202107,0.01,-0.01
202108,0.01,-0.05
202109,0.06,-0.20
202110,5.89,4.55
202111,1.00,-2.16
202112,11.27,6.16
202201,0.54,-5.66
202202,0.10,-5.15
202203,1.02,-3.31
202204,2.19,0.27
202205,0.05,-0.74
202206,0.12,-0.09
202207,0.04,0.02
202208,0.03,-0.03
202209,0.46,0.20
202210,0.03,-1.31
202211,2.43,-0.73
202212,13.67,8.56
202301,11.62,5.42
202302,4.89,-0.36
202303,9.80,5.47
