Santa Clara County, California, Precipitation
Units: Inches
Base Period: 1901-2000
Missing: -99
Date,Value,Anomaly
189501,10.39,5.55
189502,2.40,-1.80
189503,2.73,-0.98
189504,2.32,0.66
189505,1.50,0.84
189506,0.00,-0.14
189507,0.04,0.03
189508,0.00,-0.05
189509,0.28,0.04
189510,0.89,-0.14
189511,1.67,-0.80
189512,1.89,-2.22
189601,10.66,5.82
189602,0.24,-3.96
189603,3.41,-0.30
189604,4.30,2.64
189605,0.92,0.26
189606,0.00,-0.14
189607,0.05,0.04
189608,0.38,0.33
189609,0.37,0.13
189610,2.10,1.07
189611,5.02,2.55
189612,3.94,-0.17
189701,2.89,-1.95
189702,5.36,1.16
189703,5.24,1.53
189704,0.75,-0.91
189705,0.15,-0.51
189706,0.21,0.07
189707,0.00,-0.01
189708,0.08,0.03
189709,0.13,-0.11
189710,2.00,0.97
189711,1.01,-1.46
189712,2.21,-1.90
189801,1.45,-3.39
189802,2.65,-1.55
189803,0.89,-2.82
189804,0.32,-1.34
189805,1.35,0.69
189806,0.10,-0.04
189807,0.00,-0.01
189808,0.01,-0.04
189809,0.95,0.71
189810,0.82,-0.21
189811,0.64,-1.83
189812,1.75,-2.36
189901,5.82,0.98
189902,0.38,-3.82
189903,8.09,4.38
189904,0.79,-0.87
189905,0.85,0.19
189906,0.34,0.20
189907,0.00,-0.01
189908,0.07,0.02
189909,0.00,-0.24
189910,5.11,4.08
189911,4.03,1.56
189912,3.46,-0.65
190001,3.15,-1.69
190002,0.55,-3.65
190003,2.20,-1.51
190004,2.43,0.77
190005,1.47,0.81
190006,0.03,-0.11
190007,0.03,0.02
190008,0.00,-0.05
190009,0.11,-0.13
190010,2.02,0.99
190011,8.60,6.13
190012,2.15,-1.96
190101,5.06,0.22
190102,6.10,1.90
190103,1.23,-2.48
190104,2.72,1.06
190105,1.09,0.43
190106,0.00,-0.14
190107,0.00,-0.01
190108,0.00,-0.05
190109,0.69,0.45
190110,1.23,0.20
190111,2.63,0.16
190112,0.91,-3.20
190201,1.42,-3.42
190202,9.12,4.92
190203,3.91,0.20
190204,2.17,0.51
190205,1.08,0.42
190206,0.00,-0.14
190207,0.00,-0.01
190208,0.00,-0.05
190209,0.00,-0.24
190210,1.40,0.37
190211,2.94,0.47
190212,1.85,-2.26
190301,4.54,-0.30
190302,1.92,-2.28
190303,9.03,5.32
190304,0.89,-0.77
190305,0.00,-0.66
190306,0.00,-0.14
190307,0.00,-0.01
190308,0.00,-0.05
190309,0.00,-0.24
190310,0.13,-0.90
190311,3.11,0.64
190312,0.76,-3.35
190401,1.61,-3.23
190402,5.89,1.69
190403,6.25,2.54
190404,2.95,1.29
190405,0.35,-0.31
190406,0.01,-0.13
190407,0.00,-0.01
190408,0.37,0.32
190409,1.34,1.10
190410,2.54,1.51
190411,1.55,-0.92
190412,3.23,-0.88
190501,4.57,-0.27
190502,4.65,0.45
190503,5.36,1.65
190504,1.51,-0.15
190505,3.14,2.48
190506,0.00,-0.14
190507,0.00,-0.01
190508,0.00,-0.05
190509,0.01,-0.23
190510,0.00,-1.03
190511,2.63,0.16
190512,1.89,-2.22
190601,6.08,1.24
190602,4.55,0.35
190603,9.11,5.40
190604,1.52,-0.14
190605,2.51,1.85
190606,0.58,0.44
190607,0.00,-0.01
190608,0.00,-0.05
190609,0.28,0.04
190610,0.01,-1.02
190611,2.08,-0.39
190612,11.25,7.14
190701,7.42,2.58
190702,2.57,-1.63
190703,12.68,8.97
190704,0.45,-1.21
190705,0.21,-0.45
190706,0.76,0.62
190707,0.00,-0.01
190708,0.00,-0.05
190709,0.11,-0.13
190710,2.01,0.98
190711,0.06,-2.41
190712,6.56,2.45
190801,3.80,-1.04
190802,3.38,-0.82
190803,1.64,-2.07
190804,0.38,-1.28
190805,0.84,0.18
190806,0.01,-0.13
190807,0.00,-0.01
190808,0.00,-0.05
190809,0.11,-0.13
190810,0.51,-0.52
190811,1.77,-0.70
190812,2.48,-1.63
190901,15.25,10.41
190902,7.63,3.43
190903,4.36,0.65
190904,0.00,-1.66
190905,0.00,-0.66
190906,0.11,-0.03
190907,0.00,-0.01
190908,0.00,-0.05
190909,0.78,0.54
190910,0.91,-0.12
190911,2.01,-0.46
190912,8.26,4.15
191001,4.95,0.11
191002,1.43,-2.77
191003,4.22,0.51
191004,0.43,-1.23
191005,0.00,-0.66
191006,0.03,-0.11
191007,0.00,-0.01
191008,0.00,-0.05
191009,0.16,-0.08
191010,0.58,-0.45
191011,0.53,-1.94
191012,1.52,-2.59
191101,14.46,9.62
191102,3.00,-1.20
191103,7.01,3.30
191104,1.45,-0.21
191105,0.51,-0.15
191106,0.14,0.00
191107,0.00,-0.01
191108,0.00,-0.05
191109,0.00,-0.24
191110,0.92,-0.11
191111,0.63,-1.84
191112,2.80,-1.31
191201,3.29,-1.55
191202,0.37,-3.83
191203,4.41,0.70
191204,3.01,1.35
191205,1.54,0.88
191206,0.45,0.31
191207,0.00,-0.01
191208,0.00,-0.05
191209,0.73,0.49
191210,0.49,-0.54
191211,0.80,-1.67
191212,0.86,-3.25
191301,4.77,-0.07
191302,0.46,-3.74
191303,2.14,-1.57
191304,0.79,-0.87
191305,1.07,0.41
191306,0.10,-0.04
191307,0.09,0.08
191308,0.14,0.09
191309,0.02,-0.22
191310,0.02,-1.01
191311,5.93,3.46
191312,7.55,3.44
191401,12.76,7.92
191402,4.45,0.25
191403,1.15,-2.56
191404,1.48,-0.18
191405,0.31,-0.35
191406,0.35,0.21
191407,0.03,0.02
191408,0.00,-0.05
191409,0.01,-0.23
191410,1.09,0.06
191411,0.82,-1.65
191412,7.59,3.48
191501,6.96,2.12
191502,8.78,4.58
191503,2.02,-1.69
191504,1.58,-0.08
191505,3.28,2.62
191506,0.00,-0.14
191507,0.00,-0.01
191508,0.03,-0.02
191509,0.04,-0.20
191510,0.00,-1.03
191511,0.60,-1.87
191512,6.67,2.56
191601,14.24,9.40
191602,3.46,-0.74
191603,2.13,-1.58
191604,0.37,-1.29
191605,0.06,-0.60
191606,0.00,-0.14
191607,0.05,0.04
191608,0.03,-0.02
191609,0.90,0.66
191610,1.18,0.15
191611,0.91,-1.56
191612,5.88,1.77
191701,1.89,-2.95
191702,5.60,1.40
191703,1.24,-2.47
191704,0.46,-1.20
191705,0.20,-0.46
191706,0.00,-0.14
191707,0.00,-0.01
191708,0.00,-0.05
191709,0.10,-0.14
191710,0.00,-1.03
191711,0.79,-1.68
191712,0.87,-3.24
191801,1.05,-3.79
191802,4.82,0.62
191803,5.77,2.06
191804,0.67,-0.99
191805,0.06,-0.60
191806,0.00,-0.14
191807,0.00,-0.01
191808,0.02,-0.03
191809,1.34,1.10
191810,0.32,-0.71
191811,3.99,1.52
191812,2.66,-1.45
191901,1.42,-3.42
191902,7.91,3.71
191903,3.92,0.21
191904,0.17,-1.49
191905,0.02,-0.64
191906,0.00,-0.14
191907,0.00,-0.01
191908,0.00,-0.05
191909,0.69,0.45
191910,0.36,-0.67
191911,0.20,-2.27
191912,5.12,1.01
192001,0.73,-4.11
192002,1.41,-2.79
192003,6.02,2.31
192004,1.86,0.20
192005,0.00,-0.66
192006,0.33,0.19
192007,0.01,0.00
192008,0.11,0.06
192009,0.07,-0.17
192010,2.85,1.82
192011,3.44,0.97
192012,6.44,2.33
192101,6.27,1.43
192102,1.59,-2.61
192103,1.78,-1.93
192104,0.87,-0.79
192105,1.34,0.68
192106,0.03,-0.11
192107,0.00,-0.01
192108,0.00,-0.05
192109,0.22,-0.02
192110,0.31,-0.72
192111,1.74,-0.73
192112,9.74,5.63
192201,3.11,-1.73
192202,6.05,1.85
192203,3.04,-0.67
192204,0.54,-1.12
192205,0.83,0.17
192206,0.09,-0.05
192207,0.00,-0.01
192208,0.00,-0.05
192209,0.00,-0.24
192210,1.79,0.76
192211,4.16,1.69
192212,7.68,3.57
192301,3.47,-1.37
192302,1.29,-2.91
192303,0.23,-3.48
192304,3.42,1.76
192305,0.06,-0.60
192306,0.33,0.19
192307,0.00,-0.01
192308,0.01,-0.04
192309,0.91,0.67
192310,0.46,-0.57
192311,0.52,-1.95
192312,1.26,-2.85
192401,2.65,-2.19
192402,1.02,-3.18
192403,2.22,-1.49
192404,0.52,-1.14
192405,0.04,-0.62
192406,0.00,-0.14
192407,0.00,-0.01
192408,0.00,-0.05
192409,0.03,-0.21
192410,2.25,1.22
192411,2.19,-0.28
192412,3.61,-0.50
192501,1.58,-3.26
192502,5.69,1.49
192503,2.45,-1.26
192504,2.51,0.85
192505,3.07,2.41
192506,0.07,-0.07
192507,0.05,0.04
192508,0.00,-0.05
192509,0.20,-0.04
192510,0.24,-0.79
192511,1.39,-1.08
192512,2.00,-2.11
192601,4.05,-0.79
192602,7.05,2.85
192603,0.39,-3.32
192604,4.76,3.10
192605,0.18,-0.48
192606,0.00,-0.14
192607,0.00,-0.01
192608,0.00,-0.05
192609,0.00,-0.24
192610,1.08,0.05
192611,5.28,2.81
192612,1.61,-2.50
192701,3.58,-1.26
192702,7.49,3.29
192703,2.34,-1.37
192704,2.18,0.52
192705,0.14,-0.52
192706,0.36,0.22
192707,0.00,-0.01
192708,0.02,-0.03
192709,0.05,-0.19
192710,1.49,0.46
192711,2.92,0.45
192712,3.36,-0.75
192801,1.55,-3.29
192802,2.67,-1.53
192803,5.25,1.54
192804,1.55,-0.11
192805,0.26,-0.40
192806,0.00,-0.14
192807,0.00,-0.01
192808,0.00,-0.05
192809,0.00,-0.24
192810,0.01,-1.02
192811,3.21,0.74
192812,3.76,-0.35
192901,1.32,-3.52
192902,1.61,-2.59
192903,1.76,-1.95
192904,1.46,-0.20
192905,0.03,-0.63
192906,0.77,0.63
192907,0.00,-0.01
192908,0.00,-0.05
192909,0.01,-0.23
192910,0.02,-1.01
192911,0.00,-2.47
192912,2.41,-1.70
193001,5.07,0.23
193002,3.51,-0.69
193003,3.08,-0.63
193004,1.33,-0.33
193005,0.56,-0.10
193006,0.00,-0.14
193007,0.00,-0.01
193008,0.02,-0.03
193009,0.19,-0.05
193010,0.28,-0.75
193011,2.03,-0.44
193012,0.41,-3.70
193101,4.77,-0.07
193102,1.73,-2.47
193103,1.21,-2.50
193104,0.58,-1.08
193105,1.44,0.78
193106,0.41,0.27
193107,0.00,-0.01
193108,0.00,-0.05
193109,0.00,-0.24
193110,0.59,-0.44
193111,2.94,0.47
193112,10.71,6.60
193201,3.51,-1.33
193202,4.43,0.23
193203,0.71,-3.00
193204,0.61,-1.05
193205,0.50,-0.16
193206,0.01,-0.13
193207,0.01,0.00
193208,0.04,-0.01
193209,0.00,-0.24
193210,0.04,-0.99
193211,0.63,-1.84
193212,3.03,-1.08
193301,6.59,1.75
193302,0.64,-3.56
193303,2.71,-1.00
193304,0.21,-1.45
193305,1.02,0.36
193306,0.04,-0.10
193307,0.00,-0.01
193308,0.00,-0.05
193309,0.02,-0.22
193310,1.70,0.67
193311,0.00,-2.47
193312,5.99,1.88
193401,1.26,-3.58
193402,4.53,0.33
193403,0.00,-3.71
193404,0.34,-1.32
193405,1.10,0.44
193406,0.69,0.55
193407,0.00,-0.01
193408,0.04,-0.01
193409,0.33,0.09
193410,0.95,-0.08
193411,3.87,1.40
193412,4.59,0.48
193501,6.01,1.17
193502,0.92,-3.28
193503,4.82,1.11
193504,5.24,3.58
193505,0.00,-0.66
193506,0.00,-0.14
193507,0.00,-0.01
193508,0.38,0.33
193509,0.02,-0.22
193510,1.22,0.19
193511,0.59,-1.88
193512,2.20,-1.91
193601,3.57,-1.27
193602,9.56,5.36
193603,1.52,-2.19
193604,1.59,-0.07
193605,1.03,0.37
193606,0.48,0.34
193607,0.07,0.06
193608,0.00,-0.05
193609,0.00,-0.24
193610,1.04,0.01
193611,0.02,-2.45
193612,5.63,1.52
193701,4.80,-0.04
193702,6.20,2.00
193703,8.72,5.01
193704,0.94,-0.72
193705,0.07,-0.59
193706,0.24,0.10
193707,0.00,-0.01
193708,0.00,-0.05
193709,0.00,-0.24
193710,0.82,-0.21
193711,2.51,0.04
193712,7.02,2.91
193801,5.39,0.55
193802,9.53,5.33
193803,7.16,3.45
193804,1.96,0.30
193805,0.08,-0.58
193806,0.00,-0.14
193807,0.00,-0.01
193808,0.00,-0.05
193809,0.17,-0.07
193810,1.83,0.80
193811,1.58,-0.89
193812,1.98,-2.13
193901,3.58,-1.26
193902,2.52,-1.68
193903,3.37,-0.34
193904,0.64,-1.02
193905,0.67,0.01
193906,0.00,-0.14
193907,0.00,-0.01
193908,0.02,-0.03
193909,0.50,0.26
193910,1.03,0.00
193911,0.38,-2.09
193912,1.27,-2.84
194001,10.18,5.34
194002,10.08,5.88
194003,5.19,1.48
194004,0.73,-0.93
194005,0.48,-0.18
194006,0.00,-0.14
194007,0.02,0.01
194008,0.02,-0.03
194009,0.28,0.04
194010,0.90,-0.13
194011,0.81,-1.66
194012,9.59,5.48
194101,6.73,1.89
194102,8.76,4.56
194103,6.36,2.65
194104,5.34,3.68
194105,0.96,0.30
194106,0.09,-0.05
194107,0.01,0.00
194108,0.03,-0.02
194109,0.01,-0.23
194110,1.18,0.15
194111,0.99,-1.48
194112,9.49,5.38
194201,5.86,1.02
194202,3.37,-0.83
194203,3.03,-0.68
194204,4.57,2.91
194205,1.46,0.80
194206,0.00,-0.14
194207,0.00,-0.01
194208,0.00,-0.05
194209,0.09,-0.15
194210,1.24,0.21
194211,3.18,0.71
194212,2.69,-1.42
194301,6.56,1.72
194302,2.65,-1.55
194303,4.99,1.28
194304,1.77,0.11
194305,0.01,-0.65
194306,0.04,-0.10
194307,0.00,-0.01
194308,0.00,-0.05
194309,0.00,-0.24
194310,0.56,-0.47
194311,0.78,-1.69
194312,2.49,-1.62
194401,3.70,-1.14
194402,8.03,3.83
194403,1.47,-2.24
194404,1.70,0.04
194405,0.79,0.13
194406,0.16,0.02
194407,0.01,0.00
194408,0.00,-0.05
194409,0.00,-0.24
194410,1.92,0.89
194411,5.21,2.74
194412,3.16,-0.95
194501,0.67,-4.17
194502,6.18,1.98
194503,4.08,0.37
194504,0.36,-1.30
194505,0.58,-0.08
194506,0.05,-0.09
194507,0.00,-0.01
194508,0.05,0.00
194509,0.01,-0.23
194510,2.38,1.35
194511,2.41,-0.06
194512,7.52,3.41
194601,1.19,-3.65
194602,2.57,-1.63
194603,2.49,-1.22
194604,0.10,-1.56
194605,0.99,0.33
194606,0.00,-0.14
194607,0.04,0.03
194608,0.00,-0.05
194609,0.05,-0.19
194610,0.20,-0.83
194611,5.18,2.71
194612,3.10,-1.01
194701,0.90,-3.94
194702,2.17,-2.03
194703,3.01,-0.70
194704,0.36,-1.30
194705,0.40,-0.26
194706,0.36,0.22
194707,0.00,-0.01
194708,0.00,-0.05
194709,0.00,-0.24
194710,2.78,1.75
194711,1.15,-1.32
194712,1.45,-2.66
194801,0.39,-4.45
194802,1.90,-2.30
194803,3.83,0.12
194804,5.00,3.34
194805,1.06,0.40
194806,0.08,-0.06
194807,0.00,-0.01
194808,0.00,-0.05
194809,0.00,-0.24
194810,0.59,-0.44
194811,0.39,-2.08
194812,5.27,1.16
194901,1.50,-3.34
194902,3.09,-1.11
194903,6.39,2.68
194904,0.04,-1.62
194905,0.50,-0.16
194906,0.00,-0.14
194907,0.03,0.02
194908,0.13,0.08
194909,0.04,-0.20
194910,0.21,-0.82
194911,2.13,-0.34
194912,2.35,-1.76
195001,6.76,1.92
195002,2.60,-1.60
195003,2.05,-1.66
195004,1.48,-0.18
195005,0.50,-0.16
195006,0.02,-0.12
195007,0.01,0.00
195008,0.01,-0.04
195009,0.14,-0.10
195010,2.64,1.61
195011,6.91,4.44
195012,6.58,2.47
195101,3.41,-1.43
195102,2.62,-1.58
195103,1.77,-1.94
195104,1.05,-0.61
195105,0.74,0.08
195106,0.03,-0.11
195107,0.00,-0.01
195108,0.03,-0.02
195109,0.04,-0.20
195110,1.27,0.24
195111,3.63,1.16
195112,8.96,4.85
195201,9.64,4.80
195202,2.35,-1.85
195203,6.10,2.39
195204,1.94,0.28
195205,0.19,-0.47
195206,0.18,0.04
195207,0.02,0.01
195208,0.00,-0.05
195209,0.06,-0.18
195210,0.04,-0.99
195211,2.63,0.16
195212,9.04,4.93
195301,3.35,-1.49
195302,0.03,-4.17
195303,2.57,-1.14
195304,2.36,0.70
195305,0.59,-0.07
195306,0.21,0.07
195307,0.00,-0.01
195308,0.16,0.11
195309,0.00,-0.24
195310,0.35,-0.68
195311,2.51,0.04
195312,0.82,-3.29
195401,3.94,-0.90
195402,3.25,-0.95
195403,4.89,1.18
195404,1.48,-0.18
195405,0.21,-0.45
195406,0.37,0.23
195407,0.00,-0.01
195408,0.07,0.02
195409,0.00,-0.24
195410,0.03,-1.00
195411,2.91,0.44
195412,4.71,0.60
195501,5.81,0.97
195502,2.45,-1.75
195503,0.44,-3.27
195504,2.59,0.93
195505,0.86,0.20
195506,0.00,-0.14
195507,0.01,0.00
195508,0.01,-0.04
195509,0.01,-0.23
195510,0.03,-1.00
195511,1.92,-0.55
195512,17.36,13.25
195601,7.61,2.77
195602,2.32,-1.88
195603,0.17,-3.54
195604,2.20,0.54
195605,1.09,0.43
195606,0.00,-0.14
195607,0.02,0.01
195608,0.02,-0.03
195609,0.47,0.23
195610,1.66,0.63
195611,0.03,-2.44
195612,0.83,-3.28
195701,4.08,-0.76
195702,4.33,0.13
195703,2.13,-1.58
195704,1.63,-0.03
195705,2.68,2.02
195706,0.16,0.02
195707,0.00,-0.01
195708,0.00,-0.05
195709,0.40,0.16
195710,1.86,0.83
195711,0.77,-1.70
195712,4.85,0.74
195801,5.52,0.68
195802,9.08,4.88
195803,8.40,4.69
195804,6.21,4.55
195805,0.60,-0.06
195806,0.29,0.15
195807,0.02,0.01
195808,0.01,-0.04
195809,0.24,0.00
195810,0.04,-0.99
195811,0.45,-2.02
195812,0.92,-3.19
195901,5.85,1.01
195902,6.95,2.75
195903,0.41,-3.30
195904,0.59,-1.07
195905,0.03,-0.63
195906,0.00,-0.14
195907,0.00,-0.01
195908,0.03,-0.02
195909,1.31,1.07
195910,0.01,-1.02
195911,0.00,-2.47
195912,1.00,-3.11
196001,4.43,-0.41
196002,5.55,1.35
196003,1.14,-2.57
196004,1.65,-0.01
196005,0.46,-0.20
196006,0.00,-0.14
196007,0.01,0.00
196008,0.00,-0.05
196009,0.05,-0.19
196010,0.13,-0.90
196011,4.21,1.74
196012,1.49,-2.62
196101,2.42,-2.42
196102,1.21,-2.99
196103,2.81,-0.90
196104,1.21,-0.45
196105,0.77,0.11
196106,0.12,-0.02
196107,0.01,0.00
196108,0.11,0.06
196109,0.19,-0.05
196110,0.11,-0.92
196111,3.27,0.80
196112,1.98,-2.13
196201,2.12,-2.72
196202,9.76,5.56
196203,3.13,-0.58
196204,0.29,-1.37
196205,0.05,-0.61
196206,0.02,-0.12
196207,0.00,-0.01
196208,0.08,0.03
196209,0.03,-0.21
196210,4.22,3.19
196211,0.47,-2.00
196212,2.79,-1.32
196301,5.21,0.37
196302,4.86,0.66
196303,4.40,0.69
196304,5.38,3.72
196305,0.62,-0.04
196306,0.04,-0.10
196307,0.00,-0.01
196308,0.04,-0.01
196309,0.29,0.05
196310,1.79,0.76
196311,4.76,2.29
196312,0.34,-3.77
196401,4.42,-0.42
196402,0.20,-4.00
196403,2.03,-1.68
196404,0.36,-1.30
196405,0.57,-0.09
196406,0.55,0.41
196407,0.01,0.00
196408,0.18,0.13
196409,0.06,-0.18
196410,1.49,0.46
196411,3.89,1.42
196412,8.52,4.41
196501,3.85,-0.99
196502,0.95,-3.25
196503,2.31,-1.40
196504,3.82,2.16
196505,0.01,-0.65
196506,0.01,-0.13
196507,0.01,0.00
196508,0.28,0.23
196509,0.01,-0.23
196510,0.10,-0.93
196511,6.83,4.36
196512,4.76,0.65
196601,1.87,-2.97
196602,1.98,-2.22
196603,0.37,-3.34
196604,0.62,-1.04
196605,0.22,-0.44
196606,0.07,-0.07
196607,0.09,0.08
196608,0.03,-0.02
196609,0.16,-0.08
196610,0.00,-1.03
196611,5.10,2.63
196612,4.79,0.68
196701,8.61,3.77
196702,0.31,-3.89
196703,6.45,2.74
196704,6.22,4.56
196705,0.25,-0.41
196706,0.59,0.45
196707,0.00,-0.01
196708,0.00,-0.05
196709,0.02,-0.22
196710,0.34,-0.69
196711,1.64,-0.83
196712,3.02,-1.09
196801,5.09,0.25
196802,1.80,-2.40
196803,3.45,-0.26
196804,0.78,-0.88
196805,0.37,-0.29
196806,0.00,-0.14
196807,0.00,-0.01
196808,0.23,0.18
196809,0.00,-0.24
196810,0.75,-0.28
196811,3.18,0.71
196812,4.78,0.67
196901,12.08,7.24
196902,9.16,4.96
196903,1.58,-2.13
196904,2.19,0.53
196905,0.03,-0.63
196906,0.06,-0.08
196907,0.00,-0.01
196908,0.00,-0.05
196909,0.24,0.00
196910,1.52,0.49
196911,1.12,-1.35
196912,4.02,-0.09
197001,8.65,3.81
197002,2.15,-2.05
197003,2.82,-0.89
197004,0.43,-1.23
197005,0.03,-0.63
197006,0.20,0.06
197007,0.00,-0.01
197008,0.00,-0.05
197009,0.00,-0.24
197010,0.58,-0.45
197011,7.52,5.05
197012,6.70,2.59
197101,1.63,-3.21
197102,0.65,-3.55
197103,2.53,-1.18
197104,1.75,0.09
197105,0.50,-0.16
197106,0.00,-0.14
197107,0.00,-0.01
197108,0.06,0.01
197109,0.20,-0.04
197110,0.13,-0.90
197111,1.50,-0.97
197112,5.54,1.43
197201,1.66,-3.18
197202,1.12,-3.08
197203,0.14,-3.57
197204,0.98,-0.68
197205,0.04,-0.62
197206,0.13,-0.01
197207,0.01,0.00
197208,0.00,-0.05
197209,0.48,0.24
197210,3.20,2.17
197211,7.74,5.27
197212,2.40,-1.71
197301,7.60,2.76
197302,8.51,4.31
197303,3.48,-0.23
197304,0.29,-1.37
197305,0.02,-0.64
197306,0.00,-0.14
197307,0.00,-0.01
197308,0.00,-0.05
197309,0.18,-0.06
197310,2.70,1.67
197311,5.95,3.48
197312,5.53,1.42
197401,3.84,-1.00
197402,1.07,-3.13
197403,6.11,2.40
197404,2.80,1.14
197405,0.01,-0.65
197406,0.17,0.03
197407,0.08,0.07
197408,0.00,-0.05
197409,0.00,-0.24
197410,1.84,0.81
197411,0.89,-1.58
197412,3.49,-0.62
197501,1.28,-3.56
197502,5.80,1.60
197503,6.72,3.01
197504,2.11,0.45
197505,0.02,-0.64
197506,0.07,-0.07
197507,0.07,0.06
197508,0.39,0.34
197509,0.02,-0.22
197510,2.39,1.36
197511,0.45,-2.02
197512,0.35,-3.76
197601,0.27,-4.57
197602,1.71,-2.49
197603,1.81,-1.90
197604,1.21,-0.45
197605,0.01,-0.65
197606,0.15,0.01
197607,0.01,0.00
197608,0.40,0.35
197609,1.16,0.92
197610,0.82,-0.21
197611,1.39,-1.08
197612,1.45,-2.66
197701,1.75,-3.09
197702,0.88,-3.32
197703,2.02,-1.69
197704,0.10,-1.56
197705,1.56,0.90
197706,0.09,-0.05
197707,0.03,0.02
197708,0.00,-0.05
197709,0.64,0.40
197710,0.23,-0.80
197711,1.54,-0.93
197712,5.14,1.03
197801,9.05,4.21
197802,4.88,0.68
197803,6.20,2.49
197804,4.23,2.57
197805,0.02,-0.64
197806,0.02,-0.12
197807,0.00,-0.01
197808,0.00,-0.05
197809,0.37,0.13
197810,0.00,-1.03
197811,2.47,0.00
197812,1.06,-3.05
197901,5.55,0.71
197902,5.38,1.18
197903,3.49,-0.22
197904,1.00,-0.66
197905,0.35,-0.31
197906,0.00,-0.14
197907,0.09,0.08
197908,0.03,-0.02
197909,0.00,-0.24
197910,2.60,1.57
197911,2.14,-0.33
197912,4.69,0.58
198001,6.12,1.28
198002,7.29,3.09
198003,2.41,-1.30
198004,1.95,0.29
198005,0.50,-0.16
198006,0.03,-0.11
198007,0.09,0.08
198008,0.00,-0.05
198009,0.00,-0.24
198010,0.10,-0.93
198011,0.20,-2.27
198012,2.36,-1.75
198101,6.06,1.22
198102,1.90,-2.30
198103,5.10,1.39
198104,0.70,-0.96
198105,0.19,-0.47
198106,0.00,-0.14
198107,0.00,-0.01
198108,0.00,-0.05
198109,0.07,-0.17
198110,2.34,1.31
198111,5.80,3.33
198112,3.69,-0.42
198201,7.30,2.46
198202,3.28,-0.92
198203,8.16,4.45
198204,4.05,2.39
198205,0.00,-0.66
198206,0.38,0.24
198207,0.00,-0.01
198208,0.03,-0.02
198209,1.18,0.94
198210,2.39,1.36
198211,6.67,4.20
198212,3.81,-0.30
198301,8.44,3.60
198302,7.28,3.08
198303,9.84,6.13
198304,4.56,2.90
198305,0.43,-0.23
198306,0.01,-0.13
198307,0.02,0.01
198308,0.20,0.15
198309,0.98,0.74
198310,0.69,-0.34
198311,7.69,5.22
198312,6.57,2.46
198401,0.37,-4.47
198402,2.37,-1.83
198403,1.61,-2.10
198404,0.90,-0.76
198405,0.04,-0.62
198406,0.13,-0.01
198407,0.02,0.01
198408,0.02,-0.03
198409,0.09,-0.15
198410,2.36,1.33
198411,6.71,4.24
198412,2.29,-1.82
198501,0.94,-3.90
198502,1.95,-2.25
198503,4.92,1.21
198504,0.42,-1.24
198505,0.17,-0.49
198506,0.18,0.04
198507,0.05,0.04
198508,0.01,-0.04
198509,0.38,0.14
198510,1.15,0.12
198511,4.42,1.95
198512,2.52,-1.59
198601,3.25,-1.59
198602,9.50,5.30
198603,6.47,2.76
198604,0.93,-0.73
198605,0.43,-0.23
198606,0.00,-0.14
198607,0.02,0.01
198608,0.00,-0.05
198609,1.17,0.93
198610,0.10,-0.93
198611,0.20,-2.27
198612,1.43,-2.68
198701,2.80,-2.04
198702,4.26,0.06
198703,3.37,-0.34
198704,0.49,-1.17
198705,0.04,-0.62
198706,0.01,-0.13
198707,0.00,-0.01
198708,0.00,-0.05
198709,0.00,-0.24
198710,1.10,0.07
198711,2.00,-0.47
198712,4.56,0.45
198801,2.92,-1.92
198802,0.62,-3.58
198803,0.29,-3.42
198804,2.20,0.54
198805,0.76,0.10
198806,0.27,0.13
198807,0.00,-0.01
198808,0.00,-0.05
198809,0.01,-0.23
198810,0.09,-0.94
198811,3.13,0.66
198812,4.55,0.44
198901,1.60,-3.24
198902,1.67,-2.53
198903,4.70,0.99
198904,0.70,-0.96
198905,0.15,-0.51
198906,0.01,-0.13
198907,0.00,-0.01
198908,0.06,0.01
198909,1.17,0.93
198910,1.90,0.87
198911,1.35,-1.12
198912,0.03,-4.08
199001,3.28,-1.56
199002,3.14,-1.06
199003,1.69,-2.02
199004,0.41,-1.25
199005,2.74,2.08
199006,0.00,-0.14
199007,0.04,0.03
199008,0.01,-0.04
199009,0.70,0.46
199010,0.18,-0.85
199011,0.41,-2.06
199012,2.08,-2.03
199101,0.33,-4.51
199102,2.62,-1.58
199103,10.56,6.85
199104,0.46,-1.20
199105,0.36,-0.30
199106,0.13,-0.01
199107,0.01,0.00
199108,0.15,0.10
199109,0.09,-0.15
199110,2.03,1.00
199111,0.67,-1.80
199112,3.43,-0.68
199201,2.42,-2.42
199202,8.42,4.22
199203,4.04,0.33
199204,0.24,-1.42
199205,0.00,-0.66
199206,0.26,0.12
199207,0.04,0.03
199208,0.02,-0.03
199209,0.00,-0.24
199210,1.34,0.31
199211,0.15,-2.32
199212,7.51,3.40
199301,10.52,5.68
199302,6.51,2.31
199303,3.94,0.23
199304,0.74,-0.92
199305,1.04,0.38
199306,0.57,0.43
199307,0.00,-0.01
199308,0.00,-0.05
199309,0.00,-0.24
199310,0.62,-0.41
199311,1.99,-0.48
199312,2.45,-1.66
199401,2.11,-2.73
199402,4.31,0.11
199403,0.46,-3.25
199404,1.86,0.20
199405,1.56,0.90
199406,0.02,-0.12
199407,0.00,-0.01
199408,0.00,-0.05
199409,0.06,-0.18
199410,0.58,-0.45
199411,3.81,1.34
199412,2.26,-1.85
199501,12.44,7.60
199502,0.59,-3.61
199503,11.15,7.44
199504,2.40,0.74
199505,1.46,0.80
199506,0.69,0.55
199507,0.04,0.03
199508,0.00,-0.05
199509,0.00,-0.24
199510,0.00,-1.03
199511,0.19,-2.28
199512,6.64,2.53
199601,6.94,2.10
199602,7.58,3.38
199603,3.42,-0.29
199604,1.50,-0.16
199605,2.37,1.71
199606,0.01,-0.13
199607,0.00,-0.01
199608,0.00,-0.05
199609,0.01,-0.23
199610,1.88,0.85
199611,4.28,1.81
199612,9.90,5.79
199701,10.90,6.06
199702,0.39,-3.81
199703,0.34,-3.37
199704,0.40,-1.26
199705,0.41,-0.25
199706,0.26,0.12
199707,0.00,-0.01
199708,0.30,0.25
199709,0.01,-0.23
199710,0.69,-0.34
199711,6.61,4.14
199712,3.32,-0.79
199801,9.29,4.45
199802,14.56,10.36
199803,3.76,0.05
199804,2.57,0.91
199805,3.15,2.49
199806,0.14,0.00
199807,0.00,-0.01
199808,0.00,-0.05
199809,0.13,-0.11
199810,0.83,-0.20
199811,3.73,1.26
199812,1.69,-2.42
199901,5.06,0.22
199902,5.29,1.09
199903,3.14,-0.57
199904,2.14,0.48
199905,0.10,-0.56
199906,0.15,0.01
199907,0.01,0.00
199908,0.05,0.00
199909,0.10,-0.14
199910,0.24,-0.79
199911,2.09,-0.38
199912,0.51,-3.60
200001,7.50,2.66
200002,8.64,4.44
200003,2.38,-1.33
200004,1.24,-0.42
200005,0.81,0.15
200006,0.33,0.19
200007,0.01,0.00
200008,0.06,0.01
200009,0.21,-0.03
200010,3.38,2.35
200011,0.97,-1.50
200012,0.66,-3.45
200101,4.53,-0.31
200102,5.87,1.67
200103,2.37,-1.34
200104,2.02,0.36
200105,0.00,-0.66
200106,0.08,-0.06
200107,0.01,0.00
200108,0.01,-0.04
200109,0.14,-0.10
200110,0.37,-0.66
200111,4.08,1.61
200112,7.62,3.51
200201,1.64,-3.20
200202,1.52,-2.68
200203,2.84,-0.87
200204,0.53,-1.13
200205,1.03,0.37
200206,0.01,-0.13
200207,0.00,-0.01
200208,0.02,-0.03
200209,0.01,-0.23
200210,0.01,-1.02
200211,3.80,1.33
200212,10.74,6.63
200301,1.13,-3.71
200302,2.02,-2.18
200303,1.71,-2.00
200304,4.13,2.47
200305,1.20,0.54
200306,0.01,-0.13
200307,0.00,-0.01
200308,0.22,0.17
200309,0.02,-0.22
200310,0.15,-0.88
200311,2.37,-0.10
200312,7.40,3.29
200401,2.74,-2.10
200402,5.91,1.71
200403,0.79,-2.92
200404,0.35,-1.31
200405,0.12,-0.54
200406,0.00,-0.14
200407,0.00,-0.01
200408,0.01,-0.04
200409,0.16,-0.08
200410,4.04,3.01
200411,1.42,-1.05
200412,6.73,2.62
200501,5.21,0.37
200502,5.05,0.85
200503,5.34,1.63
200504,2.14,0.48
200505,1.28,0.62
200506,0.51,0.37
200507,0.01,0.00
200508,0.01,-0.04
200509,0.05,-0.19
200510,0.15,-0.88
200511,0.96,-1.51
200512,8.27,4.16
200601,4.48,-0.36
200602,2.29,-1.91
200603,8.25,4.54
200604,4.99,3.33
200605,0.63,-0.03
200606,0.00,-0.14
200607,0.00,-0.01
200608,0.00,-0.05
200609,0.00,-0.24
200610,0.39,-0.64
200611,1.71,-0.76
200612,3.57,-0.54
200701,1.07,-3.77
200702,5.12,0.92
200703,0.50,-3.21
200704,1.15,-0.51
200705,0.16,-0.50
200706,0.01,-0.13
200707,0.03,0.02
200708,0.00,-0.05
200709,0.38,0.14
200710,1.40,0.37
200711,0.74,-1.73
200712,2.28,-1.83
200801,8.92,4.08
200802,3.71,-0.49
200803,0.22,-3.49
200804,0.14,-1.52
200805,0.01,-0.65
200806,0.00,-0.14
200807,0.00,-0.01
200808,0.01,-0.04
200809,0.00,-0.24
200810,0.47,-0.56
200811,2.13,-0.34
200812,2.88,-1.23
200901,1.96,-2.88
200902,6.90,2.70
200903,3.10,-0.61
200904,0.55,-1.11
200905,0.67,0.01
200906,0.05,-0.09
200907,0.01,0.00
200908,0.04,-0.01
200909,0.19,-0.05
200910,4.06,3.03
200911,0.31,-2.16
200912,3.62,-0.49
201001,6.97,2.13
201002,3.92,-0.28
201003,2.75,-0.96
201004,4.47,2.81
201005,0.82,0.16
201006,0.01,-0.13
201007,0.00,-0.01
201008,0.03,-0.02
201009,0.01,-0.23
201010,1.33,0.30
201011,3.21,0.74
201012,6.55,2.44
201101,1.85,-2.99
201102,4.76,0.56
201103,7.60,3.89
201104,0.33,-1.33
201105,1.08,0.42
201106,0.76,0.62
201107,0.00,-0.01
201108,0.00,-0.05
201109,0.00,-0.24
201110,1.59,0.56
201111,1.60,-0.87
201112,0.14,-3.97
201201,3.07,-1.77
201202,1.34,-2.86
201203,5.07,1.36
201204,3.22,1.56
201205,0.05,-0.61
201206,0.20,0.06
201207,0.01,0.00
201208,0.01,-0.04
201209,0.01,-0.23
201210,0.66,-0.37
201211,4.17,1.70
201212,7.35,3.24
201301,0.98,-3.86
201302,0.54,-3.66
201303,0.99,-2.72
201304,0.68,-0.98
201305,0.03,-0.63
201306,0.04,-0.10
201307,0.00,-0.01
201308,0.02,-0.03
201309,0.39,0.15
201310,0.04,-0.99
201311,0.90,-1.57
201312,0.51,-3.60
201401,0.20,-4.64
201402,4.60,0.40
201403,2.56,-1.15
201404,1.70,0.04
201405,0.04,-0.62
201406,0.01,-0.13
201407,0.01,0.00
201408,0.01,-0.04
201409,0.40,0.16
201410,0.75,-0.28
201411,2.49,0.02
201412,11.62,7.51
201501,0.01,-4.83
201502,2.87,-1.33
201503,0.40,-3.31
201504,1.28,-0.38
201505,0.57,-0.09
201506,0.07,-0.07
201507,0.02,0.01
201508,0.10,0.05
201509,0.01,-0.23
201510,0.28,-0.75
201511,3.33,0.86
201512,4.79,0.68
201601,7.73,2.89
201602,1.24,-2.96
201603,7.73,4.02
201604,2.14,0.48
201605,0.36,-0.30
201606,0.00,-0.14
201607,0.01,0.00
201608,0.02,-0.03
201609,0.00,-0.24
201610,3.96,2.93
201611,2.26,-0.21
201612,4.19,0.08
201701,12.68,7.84
201702,9.68,5.48
201703,3.23,-0.48
201704,2.79,1.13
201705,0.06,-0.60
201706,0.08,-0.06
201707,0.00,-0.01
201708,0.00,-0.05
201709,0.10,-0.14
201710,0.22,-0.81
201711,2.55,0.08
201712,0.14,-3.97
201801,4.74,-0.10
201802,0.51,-3.69
201803,6.01,2.30
201804,2.68,1.02
201805,0.06,-0.60
201806,0.00,-0.14
201807,0.01,0.00
201808,0.00,-0.05
201809,0.00,-0.24
201810,0.10,-0.93
201811,4.09,1.62
201812,2.90,-1.21
201901,5.45,0.61
201902,9.47,5.27
201903,5.81,2.10
201904,0.74,-0.92
201905,2.77,2.11
201906,0.02,-0.12
201907,0.02,0.01
201908,0.01,-0.04
201909,0.09,-0.15
201910,0.01,-1.02
201911,1.46,-1.01
201912,6.32,2.21
202001,2.19,-2.65
202002,0.00,-4.20
202003,4.32,0.61
202004,2.32,0.66
202005,0.88,0.22
202006,0.01,-0.13
202007,0.00,-0.01
202008,0.03,-0.02
202009,0.00,-0.24
202010,0.00,-1.03
202011,0.60,-1.87
202012,2.12,-1.99
202101,4.71,-0.13
202102,1.07,-3.13
202103,2.04,-1.67
202104,0.15,-1.51
202105,0.00,-0.66
202106,0.00,-0.14
202107,0.01,0.00
202108,0.01,-0.04
202109,0.02,-0.22
202110,4.62,3.59
202111,0.74,-1.73
202112,9.44,5.33
202201,0.15,-4.69
202202,0.16,-4.04
202203,0.91,-2.80
202204,1.67,0.01
202205,0.03,-0.63
202206,0.02,-0.12
202207,0.01,0.00
202208,0.01,-0.04
202209,0.85,0.61
202210,0.01,-1.02
202211,2.58,0.11
202212,12.04,7.93
202301,9.65,4.81
202302,4.48,0.28
202303,8.69,4.98
