Sutter County, California, Precipitation
Units: Inches
Base Period: 1901-2000
Missing: -99
Date,Value,Anomaly
189501,9.73,5.80
189502,2.19,-1.30
189503,1.77,-0.90
189504,1.13,-0.14
189505,1.00,0.35
189506,0.00,-0.21
189507,0.04,0.04
189508,0.04,0.01
189509,1.18,0.91
189510,0.07,-0.95
189511,1.18,-1.06
189512,1.87,-1.32
189601,9.31,5.38
189602,0.21,-3.28
189603,2.83,0.16
189604,4.87,3.60
189605,1.21,0.56
189606,0.01,-0.20
189607,0.02,0.02
189608,0.17,0.14
189609,0.48,0.21
189610,0.86,-0.16
189611,4.55,2.31
189612,2.26,-0.93
189701,2.92,-1.01
189702,5.49,2.00
189703,2.95,0.28
189704,0.76,-0.51
189705,0.25,-0.40
189706,0.31,0.10
189707,0.00,0.00
189708,0.03,0.00
189709,0.16,-0.11
189710,1.83,0.81
189711,1.30,-0.94
189712,1.57,-1.62
189801,0.91,-3.02
189802,3.41,-0.08
189803,0.34,-2.33
189804,0.33,-0.94
189805,1.30,0.65
189806,0.33,0.12
189807,0.00,0.00
189808,0.00,-0.03
189809,0.30,0.03
189810,0.84,-0.18
189811,1.19,-1.05
189812,1.34,-1.85
189901,4.60,0.67
189902,0.20,-3.29
189903,6.64,3.97
189904,0.50,-0.77
189905,0.84,0.19
189906,0.41,0.20
189907,0.00,0.00
189908,0.09,0.06
189909,0.08,-0.19
189910,4.38,3.36
189911,3.82,1.58
189912,3.50,0.31
190001,3.26,-0.67
190002,0.93,-2.56
190003,2.32,-0.35
190004,1.66,0.39
190005,1.13,0.48
190006,0.04,-0.17
190007,0.00,0.00
190008,0.01,-0.02
190009,0.18,-0.09
190010,2.33,1.31
190011,3.95,1.71
190012,1.46,-1.73
190101,4.56,0.63
190102,5.02,1.53
190103,0.74,-1.93
190104,2.05,0.78
190105,0.59,-0.06
190106,0.00,-0.21
190107,0.00,0.00
190108,0.01,-0.02
190109,0.95,0.68
190110,1.71,0.69
190111,2.57,0.33
190112,1.55,-1.64
190201,0.91,-3.02
190202,7.41,3.92
190203,2.35,-0.32
190204,1.48,0.21
190205,0.70,0.05
190206,0.06,-0.15
190207,0.00,0.00
190208,0.01,-0.02
190209,0.00,-0.27
190210,2.09,1.07
190211,2.48,0.24
190212,2.73,-0.46
190301,4.50,0.57
190302,1.38,-2.11
190303,5.08,2.41
190304,0.47,-0.80
190305,0.08,-0.57
190306,0.01,-0.20
190307,0.00,0.00
190308,0.01,-0.02
190309,0.01,-0.26
190310,0.39,-0.63
190311,5.05,2.81
190312,1.34,-1.85
190401,1.04,-2.89
190402,7.63,4.14
190403,6.64,3.97
190404,1.20,-0.07
190405,0.08,-0.57
190406,0.00,-0.21
190407,0.00,0.00
190408,0.08,0.05
190409,1.54,1.27
190410,2.57,1.55
190411,1.98,-0.26
190412,2.07,-1.12
190501,3.61,-0.32
190502,2.66,-0.83
190503,3.83,1.16
190504,1.05,-0.22
190505,2.11,1.46
190506,0.11,-0.10
190507,0.00,0.00
190508,0.06,0.03
190509,0.06,-0.21
190510,0.00,-1.02
190511,1.03,-1.21
190512,0.97,-2.22
190601,7.63,3.70
190602,4.38,0.89
190603,6.67,4.00
190604,1.27,0.00
190605,2.33,1.68
190606,0.83,0.62
190607,0.00,0.00
190608,0.01,-0.02
190609,0.44,0.17
190610,0.01,-1.01
190611,1.05,-1.19
190612,6.16,2.97
190701,4.06,0.13
190702,2.60,-0.89
190703,7.15,4.48
190704,0.64,-0.63
190705,0.58,-0.07
190706,0.83,0.62
190707,0.00,0.00
190708,0.00,-0.03
190709,0.01,-0.26
190710,0.72,-0.30
190711,0.03,-2.21
190712,3.99,0.80
190801,3.19,-0.74
190802,2.80,-0.69
190803,0.74,-1.93
190804,0.09,-1.18
190805,1.02,0.37
190806,0.02,-0.19
190807,0.00,0.00
190808,0.00,-0.03
190809,0.02,-0.25
190810,0.65,-0.37
190811,1.58,-0.66
190812,2.23,-0.96
190901,9.88,5.95
190902,5.24,1.75
190903,1.59,-1.08
190904,0.05,-1.22
190905,0.08,-0.57
190906,0.10,-0.11
190907,0.00,0.00
190908,0.00,-0.03
190909,0.67,0.40
190910,1.19,0.17
190911,1.94,-0.30
190912,4.39,1.20
191001,3.37,-0.56
191002,1.35,-2.14
191003,2.41,-0.26
191004,0.29,-0.98
191005,0.04,-0.61
191006,0.00,-0.21
191007,0.00,0.00
191008,0.00,-0.03
191009,0.57,0.30
191010,0.66,-0.36
191011,0.39,-1.85
191012,1.21,-1.98
191101,10.75,6.82
191102,1.87,-1.62
191103,5.49,2.82
191104,0.87,-0.40
191105,0.13,-0.52
191106,0.02,-0.19
191107,0.00,0.00
191108,0.00,-0.03
191109,0.01,-0.26
191110,0.21,-0.81
191111,0.28,-1.96
191112,1.13,-2.06
191201,2.47,-1.46
191202,0.39,-3.10
191203,2.71,0.04
191204,1.75,0.48
191205,1.16,0.51
191206,0.31,0.10
191207,0.00,0.00
191208,0.00,-0.03
191209,1.40,1.13
191210,0.51,-0.51
191211,1.61,-0.63
191212,0.51,-2.68
191301,2.94,-0.99
191302,0.58,-2.91
191303,1.51,-1.16
191304,0.80,-0.47
191305,0.56,-0.09
191306,0.07,-0.14
191307,0.01,0.01
191308,0.00,-0.03
191309,0.00,-0.27
191310,0.01,-1.01
191311,5.12,2.88
191312,6.38,3.19
191401,7.60,3.67
191402,4.34,0.85
191403,0.67,-2.00
191404,0.83,-0.44
191405,0.52,-0.13
191406,0.84,0.63
191407,0.00,0.00
191408,0.00,-0.03
191409,0.00,-0.27
191410,0.92,-0.10
191411,0.48,-1.76
191412,4.08,0.89
191501,5.80,1.87
191502,6.18,2.69
191503,1.69,-0.98
191504,0.70,-0.57
191505,2.92,2.27
191506,0.00,-0.21
191507,0.00,0.00
191508,0.00,-0.03
191509,0.00,-0.27
191510,0.02,-1.00
191511,0.81,-1.43
191512,5.67,2.48
191601,9.82,5.89
191602,2.48,-1.01
191603,1.23,-1.44
191604,0.12,-1.15
191605,0.48,-0.17
191606,0.03,-0.18
191607,0.02,0.02
191608,0.02,-0.01
191609,0.32,0.05
191610,0.96,-0.06
191611,1.29,-0.95
191612,3.64,0.45
191701,1.30,-2.63
191702,3.81,0.32
191703,0.70,-1.97
191704,1.15,-0.12
191705,0.28,-0.37
191706,0.00,-0.21
191707,0.00,0.00
191708,0.00,-0.03
191709,0.54,0.27
191710,0.00,-1.02
191711,0.46,-1.78
191712,0.62,-2.57
191801,0.94,-2.99
191802,3.96,0.47
191803,3.56,0.89
191804,1.03,-0.24
191805,0.06,-0.59
191806,0.00,-0.21
191807,0.00,0.00
191808,0.00,-0.03
191809,1.55,1.28
191810,0.36,-0.66
191811,2.21,-0.03
191812,1.94,-1.25
191901,2.39,-1.54
191902,6.38,2.89
191903,1.69,-0.98
191904,0.27,-1.00
191905,0.02,-0.63
191906,0.00,-0.21
191907,0.00,0.00
191908,0.00,-0.03
191909,0.86,0.59
191910,0.19,-0.83
191911,0.37,-1.87
191912,2.92,-0.27
192001,0.57,-3.36
192002,1.31,-2.18
192003,4.10,1.43
192004,1.34,0.07
192005,0.02,-0.63
192006,0.13,-0.08
192007,0.02,0.02
192008,0.03,0.00
192009,0.04,-0.23
192010,1.44,0.42
192011,5.17,2.93
192012,5.54,2.35
192101,4.97,1.04
192102,0.91,-2.58
192103,2.11,-0.56
192104,0.37,-0.90
192105,1.00,0.35
192106,0.04,-0.17
192107,0.00,0.00
192108,0.00,-0.03
192109,0.01,-0.26
192110,0.50,-0.52
192111,1.34,-0.90
192112,5.68,2.49
192201,2.12,-1.81
192202,5.21,1.72
192203,2.12,-0.55
192204,0.67,-0.60
192205,0.89,0.24
192206,0.01,-0.20
192207,0.00,0.00
192208,0.00,-0.03
192209,0.00,-0.27
192210,1.43,0.41
192211,3.47,1.23
192212,8.90,5.71
192301,2.40,-1.53
192302,0.59,-2.90
192303,0.17,-2.50
192304,3.23,1.96
192305,0.21,-0.44
192306,0.32,0.11
192307,0.01,0.01
192308,0.01,-0.02
192309,0.76,0.49
192310,0.68,-0.34
192311,0.64,-1.60
192312,1.11,-2.08
192401,2.53,-1.40
192402,3.02,-0.47
192403,1.35,-1.32
192404,0.29,-0.98
192405,0.06,-0.59
192406,0.00,-0.21
192407,0.00,0.00
192408,0.00,-0.03
192409,0.00,-0.27
192410,3.44,2.42
192411,1.45,-0.79
192412,5.79,2.60
192501,1.22,-2.71
192502,6.00,2.51
192503,1.83,-0.84
192504,1.67,0.40
192505,1.77,1.12
192506,0.43,0.22
192507,0.00,0.00
192508,0.13,0.10
192509,0.20,-0.07
192510,0.17,-0.85
192511,1.42,-0.82
192512,1.60,-1.59
192601,4.26,0.33
192602,6.75,3.26
192603,0.13,-2.54
192604,4.74,3.47
192605,0.90,0.25
192606,0.00,-0.21
192607,0.00,0.00
192608,0.01,-0.02
192609,0.00,-0.27
192610,2.44,1.42
192611,7.08,4.84
192612,0.90,-2.29
192701,3.19,-0.74
192702,5.83,2.34
192703,2.02,-0.65
192704,1.67,0.40
192705,0.39,-0.26
192706,0.56,0.35
192707,0.00,0.00
192708,0.00,-0.03
192709,0.00,-0.27
192710,1.60,0.58
192711,3.07,0.83
192712,2.38,-0.81
192801,1.77,-2.16
192802,2.53,-0.96
192803,4.38,1.71
192804,0.93,-0.34
192805,0.03,-0.62
192806,0.02,-0.19
192807,0.00,0.00
192808,0.00,-0.03
192809,0.00,-0.27
192810,0.13,-0.89
192811,2.90,0.66
192812,3.71,0.52
192901,0.99,-2.94
192902,2.00,-1.49
192903,1.56,-1.11
192904,0.93,-0.34
192905,0.00,-0.65
192906,1.04,0.83
192907,0.00,0.00
192908,0.00,-0.03
192909,0.00,-0.27
192910,0.19,-0.83
192911,0.00,-2.24
192912,6.92,3.73
193001,4.90,0.97
193002,2.23,-1.26
193003,3.31,0.64
193004,1.12,-0.15
193005,0.30,-0.35
193006,0.00,-0.21
193007,0.00,0.00
193008,0.01,-0.02
193009,0.13,-0.14
193010,0.32,-0.70
193011,1.52,-0.72
193012,0.62,-2.57
193101,3.10,-0.83
193102,1.80,-1.69
193103,1.12,-1.55
193104,0.45,-0.82
193105,1.52,0.87
193106,0.85,0.64
193107,0.00,0.00
193108,0.00,-0.03
193109,0.02,-0.25
193110,0.60,-0.42
193111,2.13,-0.11
193112,7.69,4.50
193201,1.54,-2.39
193202,1.81,-1.68
193203,0.58,-2.09
193204,1.06,-0.21
193205,1.26,0.61
193206,0.01,-0.20
193207,0.00,0.00
193208,0.00,-0.03
193209,0.00,-0.27
193210,0.00,-1.02
193211,0.43,-1.81
193212,2.64,-0.55
193301,3.72,-0.21
193302,0.76,-2.73
193303,2.47,-0.20
193304,0.04,-1.23
193305,0.98,0.33
193306,0.00,-0.21
193307,0.00,0.00
193308,0.00,-0.03
193309,0.03,-0.24
193310,0.98,-0.04
193311,0.00,-2.24
193312,5.69,2.50
193401,1.08,-2.85
193402,3.32,-0.17
193403,0.54,-2.13
193404,0.39,-0.88
193405,0.50,-0.15
193406,0.41,0.20
193407,0.00,0.00
193408,0.00,-0.03
193409,0.02,-0.25
193410,0.83,-0.19
193411,3.63,1.39
193412,2.64,-0.55
193501,5.26,1.33
193502,1.88,-1.61
193503,3.12,0.45
193504,3.83,2.56
193505,0.07,-0.58
193506,0.00,-0.21
193507,0.00,0.00
193508,0.00,-0.03
193509,0.04,-0.23
193510,0.95,-0.07
193511,1.06,-1.18
193512,2.24,-0.95
193601,3.70,-0.23
193602,8.38,4.89
193603,1.18,-1.49
193604,1.32,0.05
193605,0.90,0.25
193606,0.61,0.40
193607,0.00,0.00
193608,0.00,-0.03
193609,0.05,-0.22
193610,0.32,-0.70
193611,0.02,-2.22
193612,2.82,-0.37
193701,3.25,-0.68
193702,6.51,3.02
193703,6.27,3.60
193704,0.81,-0.46
193705,0.01,-0.64
193706,0.45,0.24
193707,0.00,0.00
193708,0.00,-0.03
193709,0.00,-0.27
193710,0.82,-0.20
193711,3.91,1.67
193712,3.78,0.59
193801,3.61,-0.32
193802,7.48,3.99
193803,4.10,1.43
193804,1.59,0.32
193805,0.39,-0.26
193806,0.00,-0.21
193807,0.00,0.00
193808,0.00,-0.03
193809,0.40,0.13
193810,1.11,0.09
193811,0.76,-1.48
193812,1.11,-2.08
193901,1.81,-2.12
193902,0.65,-2.84
193903,2.04,-0.63
193904,0.19,-1.08
193905,0.94,0.29
193906,0.05,-0.16
193907,0.00,0.00
193908,0.00,-0.03
193909,0.59,0.32
193910,0.92,-0.10
193911,0.06,-2.18
193912,1.45,-1.74
194001,7.48,3.55
194002,7.27,3.78
194003,4.75,2.08
194004,0.70,-0.57
194005,1.04,0.39
194006,0.01,-0.20
194007,0.00,0.00
194008,0.00,-0.03
194009,0.07,-0.20
194010,1.09,0.07
194011,1.70,-0.54
194012,8.70,5.51
194101,6.34,2.41
194102,5.82,2.33
194103,3.01,0.34
194104,3.86,2.59
194105,1.48,0.83
194106,0.05,-0.16
194107,0.00,0.00
194108,0.00,-0.03
194109,0.08,-0.19
194110,1.52,0.50
194111,1.89,-0.35
194112,6.58,3.39
194201,3.70,-0.23
194202,4.37,0.88
194203,2.36,-0.31
194204,4.10,2.83
194205,1.38,0.73
194206,0.00,-0.21
194207,0.00,0.00
194208,0.00,-0.03
194209,0.02,-0.25
194210,0.44,-0.58
194211,2.64,0.40
194212,3.41,0.22
194301,6.21,2.28
194302,1.15,-2.34
194303,3.41,0.74
194304,1.93,0.66
194305,0.11,-0.54
194306,0.17,-0.04
194307,0.02,0.02
194308,0.00,-0.03
194309,0.00,-0.27
194310,0.37,-0.65
194311,0.76,-1.48
194312,2.17,-1.02
194401,3.02,-0.91
194402,6.08,2.59
194403,1.20,-1.47
194404,1.72,0.45
194405,0.81,0.16
194406,0.23,0.02
194407,0.00,0.00
194408,0.00,-0.03
194409,0.00,-0.27
194410,1.50,0.48
194411,3.79,1.55
194412,2.64,-0.55
194501,1.44,-2.49
194502,4.14,0.65
194503,2.90,0.23
194504,0.20,-1.07
194505,1.03,0.38
194506,0.14,-0.07
194507,0.00,0.00
194508,0.00,-0.03
194509,0.00,-0.27
194510,2.48,1.46
194511,2.87,0.63
194512,5.78,2.59
194601,0.86,-3.07
194602,1.33,-2.16
194603,1.48,-1.19
194604,0.21,-1.06
194605,0.45,-0.20
194606,0.00,-0.21
194607,0.03,0.03
194608,0.00,-0.03
194609,0.16,-0.11
194610,0.40,-0.62
194611,2.89,0.65
194612,2.85,-0.34
194701,0.47,-3.46
194702,2.09,-1.40
194703,3.12,0.45
194704,0.48,-0.79
194705,0.19,-0.46
194706,0.70,0.49
194707,0.00,0.00
194708,0.01,-0.02
194709,0.00,-0.27
194710,2.99,1.97
194711,1.28,-0.96
194712,0.92,-2.27
194801,1.03,-2.90
194802,1.16,-2.33
194803,3.34,0.67
194804,3.71,2.44
194805,1.92,1.27
194806,0.31,0.10
194807,0.00,0.00
194808,0.00,-0.03
194809,0.26,-0.01
194810,0.60,-0.42
194811,1.17,-1.07
194812,3.56,0.37
194901,1.40,-2.53
194902,1.89,-1.60
194903,5.29,2.62
194904,0.01,-1.26
194905,0.73,0.08
194906,0.00,-0.21
194907,0.00,0.00
194908,0.06,0.03
194909,0.01,-0.26
194910,0.04,-0.98
194911,1.02,-1.22
194912,1.53,-1.66
195001,4.32,0.39
195002,3.32,-0.17
195003,1.86,-0.81
195004,1.02,-0.25
195005,0.47,-0.18
195006,0.07,-0.14
195007,0.00,0.00
195008,0.00,-0.03
195009,0.20,-0.07
195010,2.40,1.38
195011,4.81,2.57
195012,5.26,2.07
195101,3.44,-0.49
195102,2.07,-1.42
195103,0.88,-1.79
195104,0.87,-0.40
195105,0.96,0.31
195106,0.00,-0.21
195107,0.00,0.00
195108,0.00,-0.03
195109,0.02,-0.25
195110,2.57,1.55
195111,2.81,0.57
195112,5.22,2.03
195201,8.11,4.18
195202,2.14,-1.35
195203,3.47,0.80
195204,1.02,-0.25
195205,0.20,-0.45
195206,0.55,0.34
195207,0.02,0.02
195208,0.00,-0.03
195209,0.07,-0.20
195210,0.02,-1.00
195211,1.72,-0.52
195212,6.59,3.40
195301,3.34,-0.59
195302,0.04,-3.45
195303,2.09,-0.58
195304,2.52,1.25
195305,0.61,-0.04
195306,0.50,0.29
195307,0.00,0.00
195308,0.21,0.18
195309,0.00,-0.27
195310,0.53,-0.49
195311,2.31,0.07
195312,0.60,-2.59
195401,3.44,-0.49
195402,3.13,-0.36
195403,3.34,0.67
195404,2.08,0.81
195405,0.20,-0.45
195406,0.14,-0.07
195407,0.00,0.00
195408,0.16,0.13
195409,0.01,-0.26
195410,0.14,-0.88
195411,2.93,0.69
195412,4.30,1.11
195501,2.94,-0.99
195502,1.09,-2.40
195503,0.49,-2.18
195504,1.99,0.72
195505,0.41,-0.24
195506,0.01,-0.20
195507,0.00,0.00
195508,0.00,-0.03
195509,0.49,0.22
195510,0.63,-0.39
195511,1.83,-0.41
195512,10.28,7.09
195601,7.18,3.25
195602,2.75,-0.74
195603,0.09,-2.58
195604,1.58,0.31
195605,1.08,0.43
195606,0.07,-0.14
195607,0.00,0.00
195608,0.00,-0.03
195609,0.55,0.28
195610,1.51,0.49
195611,0.10,-2.14
195612,0.25,-2.94
195701,2.79,-1.14
195702,3.86,0.37
195703,2.01,-0.66
195704,1.37,0.10
195705,1.57,0.92
195706,0.01,-0.20
195707,0.00,0.00
195708,0.00,-0.03
195709,1.15,0.88
195710,2.14,1.12
195711,0.60,-1.64
195712,2.97,-0.22
195801,4.58,0.65
195802,7.99,4.50
195803,4.20,1.53
195804,3.59,2.32
195805,0.83,0.18
195806,0.54,0.33
195807,0.01,0.01
195808,0.04,0.01
195809,0.18,-0.09
195810,0.28,-0.74
195811,0.22,-2.02
195812,1.25,-1.94
195901,4.39,0.46
195902,4.36,0.87
195903,0.76,-1.91
195904,0.40,-0.87
195905,0.09,-0.56
195906,0.00,-0.21
195907,0.00,0.00
195908,0.02,-0.01
195909,1.44,1.17
195910,0.00,-1.02
195911,0.00,-2.24
195912,1.43,-1.76
196001,3.85,-0.08
196002,3.30,-0.19
196003,2.30,-0.37
196004,1.32,0.05
196005,0.56,-0.09
196006,0.00,-0.21
196007,0.01,0.01
196008,0.00,-0.03
196009,0.02,-0.25
196010,0.17,-0.85
196011,3.94,1.70
196012,1.40,-1.79
196101,2.85,-1.08
196102,1.98,-1.51
196103,2.50,-0.17
196104,0.69,-0.58
196105,0.42,-0.23
196106,0.17,-0.04
196107,0.00,0.00
196108,0.03,0.00
196109,0.18,-0.09
196110,0.22,-0.80
196111,2.48,0.24
196112,2.36,-0.83
196201,1.19,-2.74
196202,7.40,3.91
196203,2.13,-0.54
196204,0.36,-0.91
196205,0.19,-0.46
196206,0.03,-0.18
196207,0.00,0.00
196208,0.06,0.03
196209,0.09,-0.18
196210,5.82,4.80
196211,0.82,-1.42
196212,2.46,-0.73
196301,3.48,-0.45
196302,2.41,-1.08
196303,3.29,0.62
196304,3.86,2.59
196305,0.80,0.15
196306,0.15,-0.06
196307,0.00,0.00
196308,0.00,-0.03
196309,0.23,-0.04
196310,1.86,0.84
196311,4.59,2.35
196312,0.46,-2.73
196401,3.63,-0.30
196402,0.25,-3.24
196403,1.36,-1.31
196404,0.43,-0.84
196405,0.48,-0.17
196406,0.41,0.20
196407,0.01,0.01
196408,0.04,0.01
196409,0.09,-0.18
196410,1.48,0.46
196411,3.43,1.19
196412,5.14,1.95
196501,4.21,0.28
196502,0.65,-2.84
196503,0.97,-1.70
196504,2.81,1.54
196505,0.09,-0.56
196506,0.03,-0.18
196507,0.01,0.01
196508,0.28,0.25
196509,0.04,-0.23
196510,0.09,-0.93
196511,4.12,1.88
196512,2.44,-0.75
196601,2.40,-1.53
196602,2.09,-1.40
196603,0.45,-2.22
196604,0.82,-0.45
196605,0.20,-0.45
196606,0.04,-0.17
196607,0.03,0.03
196608,0.02,-0.01
196609,0.06,-0.21
196610,0.00,-1.02
196611,6.09,3.85
196612,3.31,0.12
196701,7.51,3.58
196702,0.54,-2.95
196703,3.58,0.91
196704,3.76,2.49
196705,0.15,-0.50
196706,0.95,0.74
196707,0.01,0.01
196708,0.01,-0.02
196709,0.09,-0.18
196710,0.50,-0.52
196711,1.63,-0.61
196712,1.45,-1.74
196801,4.53,0.60
196802,3.42,-0.07
196803,2.44,-0.23
196804,0.25,-1.02
196805,0.28,-0.37
196806,0.34,0.13
196807,0.00,0.00
196808,0.24,0.21
196809,0.02,-0.25
196810,1.12,0.10
196811,3.37,1.13
196812,4.06,0.87
196901,8.80,4.87
196902,6.47,2.98
196903,1.59,-1.08
196904,1.43,0.16
196905,0.01,-0.64
196906,0.18,-0.03
196907,0.02,0.02
196908,0.00,-0.03
196909,0.00,-0.27
196910,1.18,0.16
196911,0.80,-1.44
196912,5.36,2.17
197001,7.94,4.01
197002,1.80,-1.69
197003,1.99,-0.68
197004,0.34,-0.93
197005,0.01,-0.64
197006,0.39,0.18
197007,0.00,0.00
197008,0.00,-0.03
197009,0.01,-0.26
197010,1.02,0.00
197011,6.33,4.09
197012,4.63,1.44
197101,1.54,-2.39
197102,0.17,-3.32
197103,2.51,-0.16
197104,0.42,-0.85
197105,0.97,0.32
197106,0.14,-0.07
197107,0.00,0.00
197108,0.00,-0.03
197109,0.12,-0.15
197110,0.31,-0.71
197111,1.29,-0.95
197112,4.26,1.07
197201,1.14,-2.79
197202,1.74,-1.75
197203,0.38,-2.29
197204,1.11,-0.16
197205,0.47,-0.18
197206,0.28,0.07
197207,0.00,0.00
197208,0.00,-0.03
197209,0.81,0.54
197210,1.89,0.87
197211,4.99,2.75
197212,2.30,-0.89
197301,8.70,4.77
197302,6.43,2.94
197303,2.65,-0.02
197304,0.30,-0.97
197305,0.12,-0.53
197306,0.01,-0.20
197307,0.00,0.00
197308,0.00,-0.03
197309,0.39,0.12
197310,1.84,0.82
197311,6.59,4.35
197312,3.95,0.76
197401,3.54,-0.39
197402,1.27,-2.22
197403,4.58,1.91
197404,1.13,-0.14
197405,0.01,-0.64
197406,0.34,0.13
197407,0.05,0.05
197408,0.02,-0.01
197409,0.00,-0.27
197410,1.31,0.29
197411,1.05,-1.19
197412,2.83,-0.36
197501,0.94,-2.99
197502,7.54,4.05
197503,4.60,1.93
197504,0.93,-0.34
197505,0.06,-0.59
197506,0.08,-0.13
197507,0.04,0.04
197508,0.16,0.13
197509,0.02,-0.25
197510,2.43,1.41
197511,0.76,-1.48
197512,0.89,-2.30
197601,0.53,-3.40
197602,1.15,-2.34
197603,0.92,-1.75
197604,1.27,0.00
197605,0.00,-0.65
197606,0.08,-0.13
197607,0.00,0.00
197608,0.26,0.23
197609,0.48,0.21
197610,0.15,-0.87
197611,0.63,-1.61
197612,0.47,-2.72
197701,1.50,-2.43
197702,1.36,-2.13
197703,1.21,-1.46
197704,0.04,-1.23
197705,1.45,0.80
197706,0.00,-0.21
197707,0.03,0.03
197708,0.02,-0.01
197709,0.69,0.42
197710,0.38,-0.64
197711,2.14,-0.10
197712,3.60,0.41
197801,9.19,5.26
197802,3.40,-0.09
197803,4.62,1.95
197804,2.73,1.46
197805,0.04,-0.61
197806,0.01,-0.20
197807,0.00,0.00
197808,0.00,-0.03
197809,0.62,0.35
197810,0.00,-1.02
197811,2.99,0.75
197812,0.76,-2.43
197901,5.28,1.35
197902,4.75,1.26
197903,2.46,-0.21
197904,1.27,0.00
197905,0.24,-0.41
197906,0.00,-0.21
197907,0.03,0.03
197908,0.01,-0.02
197909,0.12,-0.15
197910,2.03,1.01
197911,2.55,0.31
197912,3.71,0.52
198001,4.71,0.78
198002,7.71,4.22
198003,1.80,-0.87
198004,0.74,-0.53
198005,0.50,-0.15
198006,0.21,0.00
198007,0.05,0.05
198008,0.01,-0.02
198009,0.01,-0.26
198010,0.27,-0.75
198011,0.30,-1.94
198012,2.78,-0.41
198101,4.86,0.93
198102,1.05,-2.44
198103,4.06,1.39
198104,1.07,-0.20
198105,0.34,-0.31
198106,0.00,-0.21
198107,0.00,0.00
198108,0.00,-0.03
198109,0.57,0.30
198110,2.63,1.61
198111,6.17,3.93
198112,4.18,0.99
198201,4.40,0.47
198202,2.53,-0.96
198203,4.70,2.03
198204,3.62,2.35
198205,0.04,-0.61
198206,0.25,0.04
198207,0.02,0.02
198208,0.01,-0.02
198209,1.14,0.87
198210,3.26,2.24
198211,4.97,2.73
198212,2.55,-0.64
198301,5.61,1.68
198302,5.57,2.08
198303,7.90,5.23
198304,3.34,2.07
198305,0.46,-0.19
198306,0.35,0.14
198307,0.00,0.00
198308,0.09,0.06
198309,0.79,0.52
198310,0.82,-0.20
198311,6.56,4.32
198312,7.52,4.33
198401,0.42,-3.51
198402,1.86,-1.63
198403,1.53,-1.14
198404,0.54,-0.73
198405,0.05,-0.60
198406,0.15,-0.06
198407,0.00,0.00
198408,0.25,0.22
198409,0.13,-0.14
198410,2.12,1.10
198411,5.71,3.47
198412,1.41,-1.78
198501,0.96,-2.97
198502,1.53,-1.96
198503,2.60,-0.07
198504,0.18,-1.09
198505,0.01,-0.64
198506,0.05,-0.16
198507,0.00,0.00
198508,0.07,0.04
198509,0.76,0.49
198510,0.74,-0.28
198511,3.84,1.60
198512,2.07,-1.12
198601,4.15,0.22
198602,8.13,4.64
198603,3.77,1.10
198604,0.69,-0.58
198605,0.23,-0.42
198606,0.00,-0.21
198607,0.00,0.00
198608,0.00,-0.03
198609,1.28,1.01
198610,0.28,-0.74
198611,0.29,-1.95
198612,1.23,-1.96
198701,2.68,-1.25
198702,2.91,-0.58
198703,3.39,0.72
198704,0.12,-1.15
198705,0.05,-0.60
198706,0.00,-0.21
198707,0.00,0.00
198708,0.00,-0.03
198709,0.00,-0.27
198710,1.07,0.05
198711,2.49,0.25
198712,4.82,1.63
198801,4.10,0.17
198802,0.42,-3.07
198803,0.41,-2.26
198804,1.99,0.72
198805,0.84,0.19
198806,0.34,0.13
198807,0.01,0.01
198808,0.00,-0.03
198809,0.01,-0.26
198810,0.08,-0.94
198811,3.53,1.29
198812,3.12,-0.07
198901,1.22,-2.71
198902,1.22,-2.27
198903,6.19,3.52
198904,0.51,-0.76
198905,0.21,-0.44
198906,0.44,0.23
198907,0.00,0.00
198908,0.14,0.11
198909,1.52,1.25
198910,1.70,0.68
198911,1.09,-1.15
198912,0.03,-3.16
199001,4.70,0.77
199002,2.82,-0.67
199003,1.41,-1.26
199004,0.30,-0.97
199005,2.48,1.83
199006,0.00,-0.21
199007,0.00,0.00
199008,0.00,-0.03
199009,0.07,-0.20
199010,0.37,-0.65
199011,0.65,-1.59
199012,1.26,-1.93
199101,0.68,-3.25
199102,2.71,-0.78
199103,8.86,6.19
199104,0.37,-0.90
199105,0.55,-0.10
199106,0.53,0.32
199107,0.02,0.02
199108,0.07,0.04
199109,0.01,-0.26
199110,0.90,-0.12
199111,0.56,-1.68
199112,2.51,-0.68
199201,2.18,-1.75
199202,6.76,3.27
199203,3.19,0.52
199204,1.04,-0.23
199205,0.02,-0.63
199206,0.52,0.31
199207,0.00,0.00
199208,0.00,-0.03
199209,0.00,-0.27
199210,1.76,0.74
199211,0.35,-1.89
199212,5.65,2.46
199301,8.89,4.96
199302,6.07,2.58
199303,2.24,-0.43
199304,1.13,-0.14
199305,1.51,0.86
199306,0.72,0.51
199307,0.00,0.00
199308,0.01,-0.02
199309,0.00,-0.27
199310,0.72,-0.30
199311,2.29,0.05
199312,2.27,-0.92
199401,2.75,-1.18
199402,3.61,0.12
199403,0.36,-2.31
199404,0.79,-0.48
199405,0.96,0.31
199406,0.00,-0.21
199407,0.00,0.00
199408,0.00,-0.03
199409,0.05,-0.22
199410,0.82,-0.20
199411,4.17,1.93
199412,3.57,0.38
199501,11.67,7.74
199502,0.25,-3.24
199503,8.61,5.94
199504,1.28,0.01
199505,1.62,0.97
199506,0.99,0.78
199507,0.00,0.00
199508,0.00,-0.03
199509,0.00,-0.27
199510,0.00,-1.02
199511,0.03,-2.21
199512,4.99,1.80
199601,3.86,-0.07
199602,6.54,3.05
199603,2.09,-0.58
199604,2.93,1.66
199605,2.33,1.68
199606,0.04,-0.17
199607,0.00,0.00
199608,0.00,-0.03
199609,0.02,-0.25
199610,1.88,0.86
199611,1.73,-0.51
199612,6.27,3.08
199701,8.64,4.71
199702,0.27,-3.22
199703,0.93,-1.74
199704,0.46,-0.81
199705,0.38,-0.27
199706,0.56,0.35
199707,0.00,0.00
199708,0.26,0.23
199709,0.25,-0.02
199710,1.09,0.07
199711,4.52,2.28
199712,2.20,-0.99
199801,6.85,2.92
199802,10.78,7.29
199803,2.28,-0.39
199804,2.10,0.83
199805,3.27,2.62
199806,0.15,-0.06
199807,0.00,0.00
199808,0.00,-0.03
199809,0.37,0.10
199810,1.09,0.07
199811,3.11,0.87
199812,1.17,-2.02
199901,2.56,-1.37
199902,4.57,1.08
199903,1.52,-1.15
199904,1.21,-0.06
199905,0.12,-0.53
199906,0.19,-0.02
199907,0.00,0.00
199908,0.04,0.01
199909,0.01,-0.26
199910,0.35,-0.67
199911,1.85,-0.39
199912,0.28,-2.91
200001,5.03,1.10
200002,7.88,4.39
200003,2.04,-0.63
200004,1.52,0.25
200005,1.20,0.55
200006,0.19,-0.02
200007,0.00,0.00
200008,0.00,-0.03
200009,0.24,-0.03
200010,2.18,1.16
200011,0.75,-1.49
200012,0.43,-2.76
200101,3.76,-0.17
200102,4.50,1.01
200103,1.86,-0.81
200104,1.31,0.04
200105,0.00,-0.65
200106,0.12,-0.09
200107,0.00,0.00
200108,0.00,-0.03
200109,0.32,0.05
200110,0.98,-0.04
200111,3.71,1.47
200112,5.73,2.54
200201,2.82,-1.11
200202,0.85,-2.64
200203,2.72,0.05
200204,0.20,-1.07
200205,1.27,0.62
200206,0.00,-0.21
200207,0.00,0.00
200208,0.00,-0.03
200209,0.00,-0.27
200210,0.00,-1.02
200211,2.19,-0.05
200212,6.93,3.74
200301,2.32,-1.61
200302,1.72,-1.77
200303,2.28,-0.39
200304,3.28,2.01
200305,1.00,0.35
200306,0.00,-0.21
200307,0.00,0.00
200308,0.28,0.25
200309,0.00,-0.27
200310,0.04,-0.98
200311,2.13,-0.11
200312,5.24,2.05
200401,2.63,-1.30
200402,5.68,2.19
200403,1.06,-1.61
200404,0.21,-1.06
200405,0.07,-0.58
200406,0.00,-0.21
200407,0.00,0.00
200408,0.00,-0.03
200409,0.05,-0.22
200410,2.90,1.88
200411,2.49,0.25
200412,3.65,0.46
200501,4.18,0.25
200502,2.65,-0.84
200503,2.50,-0.17
200504,0.90,-0.37
200505,1.96,1.31
200506,0.82,0.61
200507,0.00,0.00
200508,0.00,-0.03
200509,0.05,-0.22
200510,0.52,-0.50
200511,2.15,-0.09
200512,8.33,5.14
200601,2.39,-1.54
200602,2.57,-0.92
200603,5.38,2.71
200604,3.88,2.61
200605,0.50,-0.15
200606,0.00,-0.21
200607,0.00,0.00
200608,0.00,-0.03
200609,0.01,-0.26
200610,0.10,-0.92
200611,1.75,-0.49
200612,2.90,-0.29
200701,0.13,-3.80
200702,3.99,0.50
200703,0.26,-2.41
200704,1.41,0.14
200705,0.35,-0.30
200706,0.05,-0.16
200707,0.02,0.02
200708,0.00,-0.03
200709,0.31,0.04
200710,1.53,0.51
200711,0.67,-1.57
200712,3.00,-0.19
200801,7.58,3.65
200802,2.49,-1.00
200803,0.16,-2.51
200804,0.11,-1.16
200805,0.05,-0.60
200806,0.00,-0.21
200807,0.00,0.00
200808,0.01,-0.02
200809,0.00,-0.27
200810,0.80,-0.22
200811,2.14,-0.10
200812,1.87,-1.32
200901,1.13,-2.80
200902,4.61,1.12
200903,1.80,-0.87
200904,0.44,-0.83
200905,1.22,0.57
200906,0.33,0.12
200907,0.00,0.00
200908,0.00,-0.03
200909,0.19,-0.08
200910,2.22,1.20
200911,0.76,-1.48
200912,2.20,-0.99
201001,6.23,2.30
201002,2.54,-0.95
201003,1.63,-1.04
201004,3.03,1.76
201005,0.98,0.33
201006,0.01,-0.20
201007,0.00,0.00
201008,0.00,-0.03
201009,0.07,-0.20
201010,1.56,0.54
201011,2.58,0.34
201012,5.80,2.61
201101,1.49,-2.44
201102,4.11,0.62
201103,6.59,3.92
201104,0.45,-0.82
201105,1.97,1.32
201106,1.10,0.89
201107,0.00,0.00
201108,0.00,-0.03
201109,0.02,-0.25
201110,1.28,0.26
201111,1.02,-1.22
201112,0.14,-3.05
201201,3.61,-0.32
201202,1.05,-2.44
201203,4.31,1.64
201204,2.44,1.17
201205,0.01,-0.64
201206,0.06,-0.15
201207,0.01,0.01
201208,0.00,-0.03
201209,0.00,-0.27
201210,1.38,0.36
201211,4.32,2.08
201212,5.59,2.40
201301,0.87,-3.06
201302,0.47,-3.02
201303,1.67,-1.00
201304,0.70,-0.57
201305,0.31,-0.34
201306,0.56,0.35
201307,0.00,0.00
201308,0.00,-0.03
201309,0.77,0.50
201310,0.03,-0.99
201311,0.99,-1.25
201312,0.20,-2.99
201401,0.31,-3.62
201402,4.55,1.06
201403,2.21,-0.46
201404,1.21,-0.06
201405,0.14,-0.51
201406,0.00,-0.21
201407,0.00,0.00
201408,0.04,0.01
201409,0.45,0.18
201410,0.45,-0.57
201411,1.86,-0.38
201412,8.81,5.62
201501,0.10,-3.83
201502,2.49,-1.00
201503,0.17,-2.50
201504,1.52,0.25
201505,0.03,-0.62
201506,0.03,-0.18
201507,0.01,0.01
201508,0.01,-0.02
201509,0.04,-0.23
201510,0.08,-0.94
201511,2.36,0.12
201512,2.03,-1.16
201601,5.42,1.49
201602,0.72,-2.77
201603,6.80,4.13
201604,0.59,-0.68
201605,0.47,-0.18
201606,0.01,-0.20
201607,0.00,0.00
201608,0.00,-0.03
201609,0.00,-0.27
201610,2.65,1.63
201611,1.59,-0.65
201612,3.14,-0.05
201701,9.03,5.10
201702,7.47,3.98
201703,2.63,-0.04
201704,2.62,1.35
201705,0.14,-0.51
201706,0.47,0.26
201707,0.00,0.00
201708,0.00,-0.03
201709,0.01,-0.26
201710,0.29,-0.73
201711,2.65,0.41
201712,0.10,-3.09
201801,4.38,0.45
201802,0.43,-3.06
201803,4.96,2.29
201804,2.37,1.10
201805,0.13,-0.52
201806,0.00,-0.21
201807,0.00,0.00
201808,0.00,-0.03
201809,0.00,-0.27
201810,0.24,-0.78
201811,2.57,0.33
201812,2.53,-0.66
201901,5.22,1.29
201902,9.07,5.58
201903,3.94,1.27
201904,0.57,-0.70
201905,3.07,2.42
201906,0.02,-0.19
201907,0.00,0.00
201908,0.00,-0.03
201909,0.34,0.07
201910,0.00,-1.02
201911,0.53,-1.71
201912,5.47,2.28
202001,1.45,-2.48
202002,0.01,-3.48
202003,1.27,-1.40
202004,0.85,-0.42
202005,0.78,0.13
202006,0.02,-0.19
202007,0.00,0.00
202008,0.05,0.02
202009,0.00,-0.27
202010,0.00,-1.02
202011,0.76,-1.48
202012,1.38,-1.81
202101,2.19,-1.74
202102,1.13,-2.36
202103,1.49,-1.18
202104,0.07,-1.20
202105,0.00,-0.65
202106,0.00,-0.21
202107,0.00,0.00
202108,0.00,-0.03
202109,0.06,-0.21
202110,4.85,3.83
202111,0.77,-1.47
202112,5.52,2.33
202201,0.09,-3.84
202202,0.00,-3.49
202203,0.84,-1.83
202204,0.74,-0.53
202205,0.06,-0.59
202206,0.30,0.09
202207,0.00,0.00
202208,0.00,-0.03
202209,1.27,1.00
202210,0.00,-1.02
202211,1.45,-0.79
202212,5.49,2.30
202301,8.69,4.76
202302,2.23,-1.26
202303,5.56,2.89
